
{
  "ID": 64,
  "Name": "Lush Desert",
  "Resource Location": "biomesoplenty:lush_desert",
  "Class": "biomesoplenty.common.biome.overworld.BiomeGenLushDesert",
  "Root Height": -0.11764706,
  "Height Variation": 0.30625,
  "Top Block": "minecraft:hardened_clay",
  "Filler Block": "minecraft:hardened_clay",
  "Ocean Top Block": "Disabled. Activate in BiomeTweakerCore.",
  "Ocean Filler Block": "Disabled. Activate in BiomeTweakerCore.",
  "Actual Filler Blocks": "Disabled. Activate in BiomeTweakerCore.",
  "Grass Color": "Disabled. Activate in BiomeTweakerCore.",
  "Foliage Color": "Disabled. Activate in BiomeTweakerCore.",
  "Water Color": "16777215",
  "Temperature": 1.2,
  "Humidity": 0.4,
  "Water Tint": 16777215,
  "Enable Rain": true,
  "Enable Snow": false,
  "Dictionary Types": [
    "SAVANNA",
    "SANDY",
    "HOT",
    "LUSH",
    "SPARSE",
    "DRY"
  ],
  "BiomeManager Entries": {},
  "Spawnable Creatures": [
    {
      "Entity Class": "net.minecraft.entity.passive.EntitySheep",
      "Weight": 12,
      "Min Group Count": 4,
      "Max Group Count": 4
    },
    {
      "Entity Class": "net.minecraft.entity.passive.EntityPig",
      "Weight": 10,
      "Min Group Count": 4,
      "Max Group Count": 4
    },
    {
      "Entity Class": "net.minecraft.entity.passive.EntityChicken",
      "Weight": 10,
      "Min Group Count": 4,
      "Max Group Count": 4
    },
    {
      "Entity Class": "net.minecraft.entity.passive.EntityCow",
      "Weight": 8,
      "Min Group Count": 4,
      "Max Group Count": 4
    },
    {
      "Entity Class": "net.minecraft.entity.passive.EntityRabbit",
      "Weight": 4,
      "Min Group Count": 2,
      "Max Group Count": 3
    },
    {
      "Entity Class": "stepsword.mahoutsukai.entity.fae.FaeEntity",
      "Weight": 40,
      "Min Group Count": 0,
      "Max Group Count": 6
    }
  ],
  "Spawnable Monsters": [
    {
      "Entity Class": "net.minecraft.entity.monster.EntitySpider",
      "Weight": 100,
      "Min Group Count": 4,
      "Max Group Count": 4
    },
    {
      "Entity Class": "net.minecraft.entity.monster.EntityZombie",
      "Weight": 95,
      "Min Group Count": 4,
      "Max Group Count": 4
    },
    {
      "Entity Class": "net.minecraft.entity.monster.EntityZombieVillager",
      "Weight": 5,
      "Min Group Count": 1,
      "Max Group Count": 1
    },
    {
      "Entity Class": "net.minecraft.entity.monster.EntitySkeleton",
      "Weight": 100,
      "Min Group Count": 4,
      "Max Group Count": 4
    },
    {
      "Entity Class": "net.minecraft.entity.monster.EntityCreeper",
      "Weight": 100,
      "Min Group Count": 4,
      "Max Group Count": 4
    },
    {
      "Entity Class": "net.minecraft.entity.monster.EntitySlime",
      "Weight": 100,
      "Min Group Count": 4,
      "Max Group Count": 4
    },
    {
      "Entity Class": "net.minecraft.entity.monster.EntityEnderman",
      "Weight": 10,
      "Min Group Count": 1,
      "Max Group Count": 4
    },
    {
      "Entity Class": "net.minecraft.entity.monster.EntityWitch",
      "Weight": 5,
      "Min Group Count": 1,
      "Max Group Count": 1
    },
    {
      "Entity Class": "electroblob.wizardry.entity.living.EntityLightningWraith",
      "Weight": 1,
      "Min Group Count": 1,
      "Max Group Count": 1
    },
    {
      "Entity Class": "electroblob.wizardry.entity.living.EntityEvilWizard",
      "Weight": 3,
      "Min Group Count": 1,
      "Max Group Count": 1
    },
    {
      "Entity Class": "com.windanesz.ancientspellcraft.entity.living.EntityVoidCreeper",
      "Weight": 2,
      "Min Group Count": 1,
      "Max Group Count": 1
    },
    {
      "Entity Class": "com.windanesz.ancientspellcraft.entity.living.EntitySkeletonMage",
      "Weight": 20,
      "Min Group Count": 1,
      "Max Group Count": 3
    },
    {
      "Entity Class": "com.windanesz.ancientspellcraft.entity.living.EntityEvilClassWizard",
      "Weight": 2,
      "Min Group Count": 1,
      "Max Group Count": 1
    },
    {
      "Entity Class": "techguns.entities.npcs.TGDummySpawn",
      "Weight": 600,
      "Min Group Count": 1,
      "Max Group Count": 3
    }
  ],
  "Spawnable Water Creatures": [
    {
      "Entity Class": "net.minecraft.entity.passive.EntitySquid",
      "Weight": 10,
      "Min Group Count": 4,
      "Max Group Count": 4
    }
  ],
  "Spawnable Cave Creatures": [
    {
      "Entity Class": "net.minecraft.entity.passive.EntityBat",
      "Weight": 10,
      "Min Group Count": 8,
      "Max Group Count": 8
    }
  ],
  "Spawn Biome": false,
  "Tweaked": false,
  "BOP Generators": {
    "LILYPAD Generators": [
      {
        "ID": "flora",
        "Name": "algae"
      },
      {
        "ID": "flora",
        "Name": "water_reeds"
      }
    ],
    "FLOWERS Generators": [
      {
        "ID": "flora",
        "Name": "glowshrooms"
      },
      {
        "ID": "flora",
        "Name": "leaf_piles"
      },
      {
        "ID": "weighted",
        "Name": "flowers"
      },
      {
        "ID": "flora",
        "Name": "miners_delight"
      },
      {
        "ID": "flora",
        "Name": "roots"
      },
      {
        "ID": "flora",
        "Name": "tiny_cacti"
      },
      {
        "ID": "flora",
        "Name": "dead_bushes"
      },
      {
        "ID": "flora",
        "Name": "bushes"
      },
      {
        "ID": "flora",
        "Name": "bromeliad"
      },
      {
        "ID": "columns",
        "Name": "cacti"
      }
    ],
    "GRASS Generators": [
      {
        "ID": "weighted",
        "Name": "grass"
      },
      {
        "ID": "grass",
        "Name": "desertgrass"
      }
    ],
    "SAND Generators": [
      {
        "ID": "ore_single",
        "Name": "ruby"
      },
      {
        "ID": "splatter",
        "Name": "grass_splatter"
      },
      {
        "ID": "lakes",
        "Name": "lakes"
      }
    ],
    "SAND_PASS2 Generators": [
      {
        "ID": "waterside",
        "Name": "oases"
      },
      {
        "ID": "waterside",
        "Name": "sand"
      }
    ],
    "TREE Generators": [
      {
        "ID": "weighted",
        "Name": "trees"
      }
    ]
  },
  "BOP Owner": "BIOMESOPLENTY",
  "BOP Weight Map": {
    "SAVANNA": 2
  },
  "BOP Climate Weights": {
    "SAVANNA": [
      2
    ]
  },
  "BOP Island Weight": 0
}