
{
  "ID": 73,
  "Name": "Ominous Woods",
  "Resource Location": "biomesoplenty:ominous_woods",
  "Class": "biomesoplenty.common.biome.overworld.BiomeGenOminousWoods",
  "Root Height": 0.05882353,
  "Height Variation": 0.043750003,
  "Top Block": "biomesoplenty:grass[snowy\u003dfalse,variant\u003dloamy]",
  "Filler Block": "biomesoplenty:dirt[coarse\u003dfalse,variant\u003dloamy]",
  "Ocean Top Block": "Disabled. Activate in BiomeTweakerCore.",
  "Ocean Filler Block": "Disabled. Activate in BiomeTweakerCore.",
  "Actual Filler Blocks": "Disabled. Activate in BiomeTweakerCore.",
  "Grass Color": "Disabled. Activate in BiomeTweakerCore.",
  "Foliage Color": "Disabled. Activate in BiomeTweakerCore.",
  "Water Color": "1973030",
  "Temperature": 0.6,
  "Humidity": 0.6,
  "Water Tint": 1973030,
  "Enable Rain": true,
  "Enable Snow": false,
  "Dictionary Types": [
    "WET",
    "FOREST",
    "SPOOKY",
    "DEAD",
    "DENSE",
    "MAGICAL",
    "RARE"
  ],
  "BiomeManager Entries": {},
  "Spawnable Creatures": [
    {
      "Entity Class": "stepsword.mahoutsukai.entity.fae.FaeEntity",
      "Weight": 40,
      "Min Group Count": 0,
      "Max Group Count": 6
    }
  ],
  "Spawnable Monsters": [
    {
      "Entity Class": "net.minecraft.entity.monster.EntitySpider",
      "Weight": 100,
      "Min Group Count": 4,
      "Max Group Count": 4
    },
    {
      "Entity Class": "net.minecraft.entity.monster.EntityZombie",
      "Weight": 95,
      "Min Group Count": 4,
      "Max Group Count": 4
    },
    {
      "Entity Class": "net.minecraft.entity.monster.EntityZombieVillager",
      "Weight": 5,
      "Min Group Count": 1,
      "Max Group Count": 1
    },
    {
      "Entity Class": "net.minecraft.entity.monster.EntitySkeleton",
      "Weight": 100,
      "Min Group Count": 4,
      "Max Group Count": 4
    },
    {
      "Entity Class": "net.minecraft.entity.monster.EntityCreeper",
      "Weight": 100,
      "Min Group Count": 4,
      "Max Group Count": 4
    },
    {
      "Entity Class": "net.minecraft.entity.monster.EntitySlime",
      "Weight": 100,
      "Min Group Count": 4,
      "Max Group Count": 4
    },
    {
      "Entity Class": "net.minecraft.entity.monster.EntityEnderman",
      "Weight": 10,
      "Min Group Count": 1,
      "Max Group Count": 4
    },
    {
      "Entity Class": "net.minecraft.entity.monster.EntityWitch",
      "Weight": 5,
      "Min Group Count": 1,
      "Max Group Count": 1
    },
    {
      "Entity Class": "electroblob.wizardry.entity.living.EntityLightningWraith",
      "Weight": 1,
      "Min Group Count": 1,
      "Max Group Count": 1
    },
    {
      "Entity Class": "electroblob.wizardry.entity.living.EntityEvilWizard",
      "Weight": 3,
      "Min Group Count": 1,
      "Max Group Count": 1
    },
    {
      "Entity Class": "com.windanesz.ancientspellcraft.entity.living.EntityVoidCreeper",
      "Weight": 2,
      "Min Group Count": 1,
      "Max Group Count": 1
    },
    {
      "Entity Class": "com.windanesz.ancientspellcraft.entity.living.EntitySkeletonMage",
      "Weight": 20,
      "Min Group Count": 1,
      "Max Group Count": 3
    },
    {
      "Entity Class": "com.windanesz.ancientspellcraft.entity.living.EntityEvilClassWizard",
      "Weight": 2,
      "Min Group Count": 1,
      "Max Group Count": 1
    },
    {
      "Entity Class": "techguns.entities.npcs.TGDummySpawn",
      "Weight": 600,
      "Min Group Count": 1,
      "Max Group Count": 3
    }
  ],
  "Spawnable Water Creatures": [
    {
      "Entity Class": "net.minecraft.entity.passive.EntitySquid",
      "Weight": 10,
      "Min Group Count": 4,
      "Max Group Count": 4
    }
  ],
  "Spawnable Cave Creatures": [
    {
      "Entity Class": "net.minecraft.entity.passive.EntityBat",
      "Weight": 10,
      "Min Group Count": 8,
      "Max Group Count": 8
    }
  ],
  "Spawn Biome": false,
  "Tweaked": false,
  "BOP Generators": {
    "FLOWERS Generators": [
      {
        "ID": "flora",
        "Name": "glowshrooms"
      },
      {
        "ID": "weighted",
        "Name": "flowers"
      },
      {
        "ID": "flora",
        "Name": "miners_delight"
      },
      {
        "ID": "flora",
        "Name": "thorns"
      },
      {
        "ID": "flora",
        "Name": "dead_leaf_piles"
      },
      {
        "ID": "bramble",
        "Name": "bramble"
      },
      {
        "ID": "flora",
        "Name": "roots"
      },
      {
        "ID": "flora",
        "Name": "poison_ivy"
      }
    ],
    "GRASS Generators": [
      {
        "ID": "weighted",
        "Name": "grass"
      }
    ],
    "SAND Generators": [
      {
        "ID": "lakes",
        "Name": "poison_lakes"
      },
      {
        "ID": "ore_single",
        "Name": "malachite"
      }
    ],
    "SHROOM Generators": [
      {
        "ID": "flora",
        "Name": "brown_mushrooms"
      },
      {
        "ID": "flora",
        "Name": "red_mushrooms"
      }
    ],
    "TREE Generators": [
      {
        "ID": "weighted",
        "Name": "trees"
      }
    ]
  },
  "BOP Owner": "BIOMESOPLENTY",
  "BOP Weight Map": {
    "COLD_SWAMP": 1
  },
  "BOP Climate Weights": {
    "COLD_SWAMP": [
      1
    ]
  },
  "BOP Island Weight": 0
}