
{
  "ID": 120,
  "Name": "Parasite Biome",
  "Resource Location": "srparasites:biome_parasite",
  "Class": "com.dhanantry.scapeandrunparasites.world.biome.BiomeInfestedPlain",
  "Root Height": 0.13,
  "Height Variation": 0.5,
  "Top Block": "srparasites:parasitestain[variant\u003ddirt]",
  "Filler Block": "srparasites:parasitestain[variant\u003ddirt]",
  "Ocean Top Block": "Disabled. Activate in BiomeTweakerCore.",
  "Ocean Filler Block": "Disabled. Activate in BiomeTweakerCore.",
  "Actual Filler Blocks": "Disabled. Activate in BiomeTweakerCore.",
  "Grass Color": "Disabled. Activate in BiomeTweakerCore.",
  "Foliage Color": "Disabled. Activate in BiomeTweakerCore.",
  "Water Color": "10878976",
  "Temperature": 0.5,
  "Humidity": 0.5,
  "Water Tint": 10878976,
  "Enable Rain": false,
  "Enable Snow": false,
  "Dictionary Types": [
    "SPOOKY"
  ],
  "BiomeManager Entries": {
    "COOL Weights": [
      0
    ]
  },
  "Spawnable Creatures": [],
  "Spawnable Monsters": [
    {
      "Entity Class": "com.dhanantry.scapeandrunparasites.entity.monster.adapted.EntityCanraAdapted",
      "Weight": 10,
      "Min Group Count": 1,
      "Max Group Count": 1
    },
    {
      "Entity Class": "com.dhanantry.scapeandrunparasites.entity.monster.adapted.EntityShycoAdapted",
      "Weight": 10,
      "Min Group Count": 1,
      "Max Group Count": 1
    },
    {
      "Entity Class": "com.dhanantry.scapeandrunparasites.entity.monster.adapted.EntityNoglaAdapted",
      "Weight": 10,
      "Min Group Count": 1,
      "Max Group Count": 1
    },
    {
      "Entity Class": "com.dhanantry.scapeandrunparasites.entity.monster.adapted.EntityHullAdapted",
      "Weight": 10,
      "Min Group Count": 1,
      "Max Group Count": 1
    },
    {
      "Entity Class": "com.dhanantry.scapeandrunparasites.entity.monster.adapted.EntityBanoAdapted",
      "Weight": 10,
      "Min Group Count": 1,
      "Max Group Count": 1
    },
    {
      "Entity Class": "com.dhanantry.scapeandrunparasites.entity.monster.adapted.EntityEmanaAdapted",
      "Weight": 10,
      "Min Group Count": 1,
      "Max Group Count": 1
    },
    {
      "Entity Class": "com.dhanantry.scapeandrunparasites.entity.monster.adapted.EntityRanracAdapted",
      "Weight": 10,
      "Min Group Count": 1,
      "Max Group Count": 1
    },
    {
      "Entity Class": "com.dhanantry.scapeandrunparasites.entity.monster.pure.EntityAlafha",
      "Weight": 5,
      "Min Group Count": 2,
      "Max Group Count": 4
    },
    {
      "Entity Class": "com.dhanantry.scapeandrunparasites.entity.monster.pure.EntityAnged",
      "Weight": 5,
      "Min Group Count": 1,
      "Max Group Count": 3
    },
    {
      "Entity Class": "com.dhanantry.scapeandrunparasites.entity.monster.pure.EntityGanro",
      "Weight": 5,
      "Min Group Count": 1,
      "Max Group Count": 1
    },
    {
      "Entity Class": "com.dhanantry.scapeandrunparasites.entity.monster.pure.EntityEsor",
      "Weight": 5,
      "Min Group Count": 2,
      "Max Group Count": 3
    },
    {
      "Entity Class": "com.dhanantry.scapeandrunparasites.entity.monster.pure.EntityOmboo",
      "Weight": 5,
      "Min Group Count": 2,
      "Max Group Count": 5
    },
    {
      "Entity Class": "com.dhanantry.scapeandrunparasites.entity.monster.pure.EntityOrch",
      "Weight": 5,
      "Min Group Count": 2,
      "Max Group Count": 5
    },
    {
      "Entity Class": "com.dhanantry.scapeandrunparasites.entity.monster.pure.EntityFlog",
      "Weight": 20,
      "Min Group Count": 1,
      "Max Group Count": 1
    },
    {
      "Entity Class": "com.dhanantry.scapeandrunparasites.entity.monster.pure.preeminent.EntityJinjo",
      "Weight": 5,
      "Min Group Count": 1,
      "Max Group Count": 1
    },
    {
      "Entity Class": "com.dhanantry.scapeandrunparasites.entity.monster.pure.preeminent.EntityElvia",
      "Weight": 5,
      "Min Group Count": 2,
      "Max Group Count": 2
    },
    {
      "Entity Class": "com.dhanantry.scapeandrunparasites.entity.monster.pure.preeminent.EntityLencia",
      "Weight": 5,
      "Min Group Count": 1,
      "Max Group Count": 1
    },
    {
      "Entity Class": "com.dhanantry.scapeandrunparasites.entity.monster.pure.preeminent.EntityPheon",
      "Weight": 5,
      "Min Group Count": 1,
      "Max Group Count": 1
    },
    {
      "Entity Class": "com.dhanantry.scapeandrunparasites.entity.monster.pure.preeminent.EntityVesta",
      "Weight": 5,
      "Min Group Count": 1,
      "Max Group Count": 1
    },
    {
      "Entity Class": "com.dhanantry.scapeandrunparasites.entity.monster.inborn.EntityKol",
      "Weight": 10,
      "Min Group Count": 1,
      "Max Group Count": 1
    }
  ],
  "Spawnable Water Creatures": [],
  "Spawnable Cave Creatures": [],
  "Spawn Biome": false,
  "Tweaked": false,
  "BOP Generators": {
    "FLOWERS Generators": [
      {
        "ID": "flora",
        "Name": "glowshrooms"
      },
      {
        "ID": "flora",
        "Name": "miners_delight"
      },
      {
        "ID": "flora",
        "Name": "roots"
      }
    ]
  },
  "BOP Owner": "OTHER",
  "BOP Weight Map": {},
  "BOP Climate Weights": {
    "BOREAL": [
      0
    ],
    "COLD_SWAMP": [
      0
    ],
    "COOL_TEMPERATE": [
      0
    ]
  },
  "BOP Island Weight": 0
}