
{
  "ID": 84,
  "Name": "Shrubland",
  "Resource Location": "biomesoplenty:shrubland",
  "Class": "biomesoplenty.common.biome.overworld.BiomeGenShrubland",
  "Root Height": 0.05882353,
  "Height Variation": 0.15,
  "Top Block": "minecraft:grass[snowy\u003dfalse]",
  "Filler Block": "minecraft:dirt[snowy\u003dfalse,variant\u003ddirt]",
  "Ocean Top Block": "Disabled. Activate in BiomeTweakerCore.",
  "Ocean Filler Block": "Disabled. Activate in BiomeTweakerCore.",
  "Actual Filler Blocks": "Disabled. Activate in BiomeTweakerCore.",
  "Grass Color": "Disabled. Activate in BiomeTweakerCore.",
  "Foliage Color": "Disabled. Activate in BiomeTweakerCore.",
  "Water Color": "16777215",
  "Temperature": 0.6,
  "Humidity": 0.05,
  "Water Tint": 16777215,
  "Enable Rain": true,
  "Enable Snow": false,
  "Dictionary Types": [
    "PLAINS",
    "SPARSE",
    "DRY"
  ],
  "BiomeManager Entries": {},
  "Spawnable Creatures": [
    {
      "Entity Class": "net.minecraft.entity.passive.EntitySheep",
      "Weight": 12,
      "Min Group Count": 4,
      "Max Group Count": 4
    },
    {
      "Entity Class": "net.minecraft.entity.passive.EntityPig",
      "Weight": 10,
      "Min Group Count": 4,
      "Max Group Count": 4
    },
    {
      "Entity Class": "net.minecraft.entity.passive.EntityChicken",
      "Weight": 10,
      "Min Group Count": 4,
      "Max Group Count": 4
    },
    {
      "Entity Class": "net.minecraft.entity.passive.EntityCow",
      "Weight": 8,
      "Min Group Count": 4,
      "Max Group Count": 4
    },
    {
      "Entity Class": "net.minecraft.entity.passive.EntityHorse",
      "Weight": 5,
      "Min Group Count": 2,
      "Max Group Count": 6
    },
    {
      "Entity Class": "net.minecraft.entity.passive.EntityDonkey",
      "Weight": 1,
      "Min Group Count": 1,
      "Max Group Count": 1
    },
    {
      "Entity Class": "net.minecraft.entity.passive.EntityLlama",
      "Weight": 5,
      "Min Group Count": 4,
      "Max Group Count": 6
    },
    {
      "Entity Class": "net.minecraft.entity.passive.EntityRabbit",
      "Weight": 4,
      "Min Group Count": 2,
      "Max Group Count": 3
    },
    {
      "Entity Class": "stepsword.mahoutsukai.entity.fae.FaeEntity",
      "Weight": 40,
      "Min Group Count": 0,
      "Max Group Count": 6
    }
  ],
  "Spawnable Monsters": [
    {
      "Entity Class": "net.minecraft.entity.monster.EntitySpider",
      "Weight": 100,
      "Min Group Count": 4,
      "Max Group Count": 4
    },
    {
      "Entity Class": "net.minecraft.entity.monster.EntityZombie",
      "Weight": 95,
      "Min Group Count": 4,
      "Max Group Count": 4
    },
    {
      "Entity Class": "net.minecraft.entity.monster.EntityZombieVillager",
      "Weight": 5,
      "Min Group Count": 1,
      "Max Group Count": 1
    },
    {
      "Entity Class": "net.minecraft.entity.monster.EntitySkeleton",
      "Weight": 100,
      "Min Group Count": 4,
      "Max Group Count": 4
    },
    {
      "Entity Class": "net.minecraft.entity.monster.EntityCreeper",
      "Weight": 100,
      "Min Group Count": 4,
      "Max Group Count": 4
    },
    {
      "Entity Class": "net.minecraft.entity.monster.EntitySlime",
      "Weight": 100,
      "Min Group Count": 4,
      "Max Group Count": 4
    },
    {
      "Entity Class": "net.minecraft.entity.monster.EntityEnderman",
      "Weight": 10,
      "Min Group Count": 1,
      "Max Group Count": 4
    },
    {
      "Entity Class": "net.minecraft.entity.monster.EntityWitch",
      "Weight": 5,
      "Min Group Count": 1,
      "Max Group Count": 1
    },
    {
      "Entity Class": "electroblob.wizardry.entity.living.EntityLightningWraith",
      "Weight": 1,
      "Min Group Count": 1,
      "Max Group Count": 1
    },
    {
      "Entity Class": "electroblob.wizardry.entity.living.EntityEvilWizard",
      "Weight": 3,
      "Min Group Count": 1,
      "Max Group Count": 1
    },
    {
      "Entity Class": "com.windanesz.ancientspellcraft.entity.living.EntityVoidCreeper",
      "Weight": 2,
      "Min Group Count": 1,
      "Max Group Count": 1
    },
    {
      "Entity Class": "com.windanesz.ancientspellcraft.entity.living.EntitySkeletonMage",
      "Weight": 20,
      "Min Group Count": 1,
      "Max Group Count": 3
    },
    {
      "Entity Class": "com.windanesz.ancientspellcraft.entity.living.EntityEvilClassWizard",
      "Weight": 2,
      "Min Group Count": 1,
      "Max Group Count": 1
    },
    {
      "Entity Class": "mekanism.common.entity.EntityBabySkeleton",
      "Weight": 40,
      "Min Group Count": 1,
      "Max Group Count": 3
    },
    {
      "Entity Class": "techguns.entities.npcs.TGDummySpawn",
      "Weight": 600,
      "Min Group Count": 1,
      "Max Group Count": 3
    }
  ],
  "Spawnable Water Creatures": [
    {
      "Entity Class": "net.minecraft.entity.passive.EntitySquid",
      "Weight": 10,
      "Min Group Count": 4,
      "Max Group Count": 4
    }
  ],
  "Spawnable Cave Creatures": [
    {
      "Entity Class": "net.minecraft.entity.passive.EntityBat",
      "Weight": 10,
      "Min Group Count": 8,
      "Max Group Count": 8
    }
  ],
  "Spawn Biome": true,
  "Tweaked": false,
  "BOP Generators": {
    "LILYPAD Generators": [
      {
        "ID": "flora",
        "Name": "water_reeds"
      }
    ],
    "FLOWERS Generators": [
      {
        "ID": "flora",
        "Name": "glowshrooms"
      },
      {
        "ID": "flora",
        "Name": "flowers"
      },
      {
        "ID": "flora",
        "Name": "miners_delight"
      },
      {
        "ID": "flora",
        "Name": "roots"
      },
      {
        "ID": "double_flora",
        "Name": "flax"
      },
      {
        "ID": "flora",
        "Name": "berry_bushes"
      },
      {
        "ID": "flora",
        "Name": "bushes"
      }
    ],
    "GRASS Generators": [
      {
        "ID": "weighted",
        "Name": "grass"
      }
    ],
    "SAND Generators": [
      {
        "ID": "ore_single",
        "Name": "peridot"
      }
    ],
    "SAND_PASS2 Generators": [
      {
        "ID": "waterside",
        "Name": "gravel"
      },
      {
        "ID": "waterside",
        "Name": "sand"
      }
    ],
    "TREE Generators": [
      {
        "ID": "bush",
        "Name": "trees"
      }
    ]
  },
  "BOP Owner": "BIOMESOPLENTY",
  "BOP Weight Map": {
    "MEDITERANEAN": 7,
    "DRY_TEMPERATE": 10
  },
  "BOP Climate Weights": {
    "DRY_TEMPERATE": [
      10
    ],
    "MEDITERANEAN": [
      7
    ]
  },
  "BOP Island Weight": 0
}