{"stat.useItem.minecraft.air":2,"stat.walkOneCm":16902,"stat.pickup.immersiveengineering.seed":1,"stat.mineBlock.thermalfoundation.ore":8,"stat.pickup.minecraft.stonebrick":6,"stat.jump":41,"stat.swimOneCm":1531,"stat.mineBlock.immersiveengineering.ore":6,"stat.pickup.minecraft.stone":11,"stat.crouchOneCm":844,"stat.sprintOneCm":11590,"stat.mineBlock.unifieditems.ore_copper":5,"stat.craftingTableInteraction":1,"stat.pickup.thermalfoundation.ore":19,"stat.mineBlock.minecraft.stonebrick":64,"stat.damageTaken":192,"stat.useItem.minecraft.diamond_pickaxe":147,"stat.pickup.minecraft.cobblestone":53,"stat.pickup.ebwizardry.crystal_flower":1,"stat.flyOneCm":275434,"stat.pickup.minecraft.wheat_seeds":1,"stat.playOneMinute":257844,"stat.sneakTime":271,"stat.timeSinceDeath":257844,"stat.mineBlock.minecraft.stone":64}