<?xml version="1.0" encoding="UTF-8" standalone="no"?>
<galaxy>
    <star blackHole="false" name="Sol" numGasGiants="0" numPlanets="0" size="1.0" temp="100" x="0" y="0">
        <planet DIMID="16" name="Sol 16">
            <isKnown>false</isKnown>
            <fogColor>1.0,1.0,1.0</fogColor>
            <skyColor>0.8,0.5437201,0.18867636</skyColor>
            <gravitationalMultiplier>126</gravitationalMultiplier>
            <orbitalDistance>42</orbitalDistance>
            <orbitalTheta>185</orbitalTheta>
            <orbitalPhi>76</orbitalPhi>
            <retrograde>false</retrograde>
            <avgTemperature>436</avgTemperature>
            <rotationalPeriod>11856</rotationalPeriod>
            <atmosphereDensity>93</atmosphereDensity>
            <generateCraters>false</generateCraters>
            <generateCaves>false</generateCaves>
            <generateVolcanos>false</generateVolcanos>
            <generateStructures>true</generateStructures>
            <generateGeodes>false</generateGeodes>
            <biomeIds>biomesoplenty:redwood_forest;30,biomesoplenty:shrubland;30,minecraft:mutated_swampland;30,biomesoplenty:wasteland;30,biomesoplenty:lavender_fields;30</biomeIds>
        </planet>
        <planet DIMID="0" dimMapping="" name="Earth">
            <isKnown>true</isKnown>
            <fogColor>1.0,1.0,1.0</fogColor>
            <skyColor>1.0,1.0,1.0</skyColor>
            <gravitationalMultiplier>100</gravitationalMultiplier>
            <orbitalDistance>100</orbitalDistance>
            <orbitalTheta>0</orbitalTheta>
            <orbitalPhi>0</orbitalPhi>
            <retrograde>false</retrograde>
            <avgTemperature>287</avgTemperature>
            <rotationalPeriod>24000</rotationalPeriod>
            <atmosphereDensity>100</atmosphereDensity>
            <generateCraters>false</generateCraters>
            <generateCaves>false</generateCaves>
            <generateVolcanos>false</generateVolcanos>
            <generateStructures>false</generateStructures>
            <generateGeodes>false</generateGeodes>
            <planet DIMID="3" name="Luna">
                <isKnown>false</isKnown>
                <fogColor>1.0,1.0,1.0</fogColor>
                <skyColor>1.0,1.0,1.0</skyColor>
                <gravitationalMultiplier>16</gravitationalMultiplier>
                <orbitalDistance>150</orbitalDistance>
                <orbitalTheta>0</orbitalTheta>
                <orbitalPhi>0</orbitalPhi>
                <retrograde>false</retrograde>
                <avgTemperature>255</avgTemperature>
                <rotationalPeriod>128000</rotationalPeriod>
                <atmosphereDensity>0</atmosphereDensity>
                <generateCraters>true</generateCraters>
                <generateCaves>false</generateCaves>
                <generateVolcanos>false</generateVolcanos>
                <generateStructures>false</generateStructures>
                <generateGeodes>false</generateGeodes>
                <biomeIds>advancedrocketry:moon;30,advancedrocketry:moondark;30</biomeIds>
            </planet>
        </planet>
        <planet DIMID="17" name="Sol 17">
            <isKnown>false</isKnown>
            <fogColor>1.0,1.0,1.0</fogColor>
            <skyColor>0.8,0.5531045,0.8513932</skyColor>
            <gravitationalMultiplier>130</gravitationalMultiplier>
            <orbitalDistance>125</orbitalDistance>
            <orbitalTheta>4</orbitalTheta>
            <orbitalPhi>7</orbitalPhi>
            <retrograde>false</retrograde>
            <avgTemperature>233</avgTemperature>
            <rotationalPeriod>10923</rotationalPeriod>
            <atmosphereDensity>68</atmosphereDensity>
            <generateCraters>true</generateCraters>
            <generateCaves>false</generateCaves>
            <generateVolcanos>false</generateVolcanos>
            <generateStructures>false</generateStructures>
            <generateGeodes>false</generateGeodes>
            <biomeIds>advancedrocketry:crystalchasms;30</biomeIds>
            <planet DIMID="18" name="Sol 17: 0">
                <isKnown>false</isKnown>
                <fogColor>1.0,1.0,1.0</fogColor>
                <skyColor>0.8,0.940889,0.93256986</skyColor>
                <gravitationalMultiplier>86</gravitationalMultiplier>
                <orbitalDistance>125</orbitalDistance>
                <orbitalTheta>152</orbitalTheta>
                <orbitalPhi>-191</orbitalPhi>
                <retrograde>false</retrograde>
                <avgTemperature>228</avgTemperature>
                <rotationalPeriod>37732</rotationalPeriod>
                <atmosphereDensity>18</atmosphereDensity>
                <generateCraters>true</generateCraters>
                <generateCaves>false</generateCaves>
                <generateVolcanos>false</generateVolcanos>
                <generateStructures>false</generateStructures>
                <generateGeodes>false</generateGeodes>
                <biomeIds>advancedrocketry:moon;30,advancedrocketry:moondark;30</biomeIds>
            </planet>
            <planet DIMID="19" name="Sol 17: 1">
                <isKnown>false</isKnown>
                <fogColor>1.0,1.0,1.0</fogColor>
                <skyColor>0.8,0.69215286,0.95442516</skyColor>
                <gravitationalMultiplier>75</gravitationalMultiplier>
                <orbitalDistance>162</orbitalDistance>
                <orbitalTheta>342</orbitalTheta>
                <orbitalPhi>-160</orbitalPhi>
                <retrograde>false</retrograde>
                <avgTemperature>201</avgTemperature>
                <rotationalPeriod>56888</rotationalPeriod>
                <atmosphereDensity>27</atmosphereDensity>
                <generateCraters>true</generateCraters>
                <generateCaves>false</generateCaves>
                <generateVolcanos>false</generateVolcanos>
                <generateStructures>false</generateStructures>
                <generateGeodes>false</generateGeodes>
                <biomeIds>minecraft:ice_flats;30</biomeIds>
            </planet>
            <planet DIMID="20" name="Sol 17: 2">
                <isKnown>false</isKnown>
                <fogColor>1.0,1.0,1.0</fogColor>
                <skyColor>0.8,0.7390741,0.958127</skyColor>
                <gravitationalMultiplier>81</gravitationalMultiplier>
                <orbitalDistance>141</orbitalDistance>
                <orbitalTheta>260</orbitalTheta>
                <orbitalPhi>-40</orbitalPhi>
                <retrograde>false</retrograde>
                <avgTemperature>215</avgTemperature>
                <rotationalPeriod>45160</rotationalPeriod>
                <atmosphereDensity>14</atmosphereDensity>
                <generateCraters>true</generateCraters>
                <generateCaves>false</generateCaves>
                <generateVolcanos>false</generateVolcanos>
                <generateStructures>false</generateStructures>
                <generateGeodes>false</generateGeodes>
                <biomeIds>advancedrocketry:moon;30,advancedrocketry:moondark;30</biomeIds>
            </planet>
        </planet>
        <planet DIMID="4" name="Sol 4">
            <isKnown>false</isKnown>
            <GasGiant>true</GasGiant>
            <gas>ammonia</gas>
            <gas>oxygen</gas>
            <gas>nitrogen</gas>
            <fogColor>1.0,1.0,1.0</fogColor>
            <skyColor>1.0,1.0,1.0</skyColor>
            <gravitationalMultiplier>103</gravitationalMultiplier>
            <orbitalDistance>205</orbitalDistance>
            <orbitalTheta>0</orbitalTheta>
            <orbitalPhi>0</orbitalPhi>
            <retrograde>false</retrograde>
            <avgTemperature>209</avgTemperature>
            <rotationalPeriod>24000</rotationalPeriod>
            <atmosphereDensity>119</atmosphereDensity>
            <generateCraters>false</generateCraters>
            <generateCaves>false</generateCaves>
            <generateVolcanos>false</generateVolcanos>
            <generateStructures>false</generateStructures>
            <generateGeodes>false</generateGeodes>
            <planet DIMID="5" name="Sol 4: 0">
                <isKnown>false</isKnown>
                <fogColor>1.0,1.0,1.0</fogColor>
                <skyColor>0.8,0.6545079,1.0</skyColor>
                <gravitationalMultiplier>45</gravitationalMultiplier>
                <orbitalDistance>198</orbitalDistance>
                <orbitalTheta>244</orbitalTheta>
                <orbitalPhi>155</orbitalPhi>
                <retrograde>false</retrograde>
                <avgTemperature>181</avgTemperature>
                <rotationalPeriod>263374</rotationalPeriod>
                <atmosphereDensity>19</atmosphereDensity>
                <generateCraters>true</generateCraters>
                <generateCaves>false</generateCaves>
                <generateVolcanos>false</generateVolcanos>
                <generateStructures>false</generateStructures>
                <generateGeodes>false</generateGeodes>
                <biomeIds>advancedrocketry:moon;30,advancedrocketry:moondark;30</biomeIds>
            </planet>
            <planet DIMID="6" name="Sol 4: 1">
                <isKnown>false</isKnown>
                <fogColor>1.0,1.0,1.0</fogColor>
                <skyColor>0.8,0.5138447,0.9300772</skyColor>
                <gravitationalMultiplier>52</gravitationalMultiplier>
                <orbitalDistance>155</orbitalDistance>
                <orbitalTheta>150</orbitalTheta>
                <orbitalPhi>-312</orbitalPhi>
                <retrograde>false</retrograde>
                <avgTemperature>205</avgTemperature>
                <rotationalPeriod>170687</rotationalPeriod>
                <atmosphereDensity>19</atmosphereDensity>
                <generateCraters>true</generateCraters>
                <generateCaves>false</generateCaves>
                <generateVolcanos>false</generateVolcanos>
                <generateStructures>false</generateStructures>
                <generateGeodes>false</generateGeodes>
                <biomeIds>advancedrocketry:moon;30,advancedrocketry:moondark;30</biomeIds>
            </planet>
            <planet DIMID="7" name="Sol 4: 2">
                <isKnown>false</isKnown>
                <fogColor>1.0,1.0,1.0</fogColor>
                <skyColor>0.8,0.6234732,0.97570705</skyColor>
                <gravitationalMultiplier>58</gravitationalMultiplier>
                <orbitalDistance>149</orbitalDistance>
                <orbitalTheta>238</orbitalTheta>
                <orbitalPhi>-196</orbitalPhi>
                <retrograde>false</retrograde>
                <avgTemperature>209</avgTemperature>
                <rotationalPeriod>123006</rotationalPeriod>
                <atmosphereDensity>25</atmosphereDensity>
                <generateCraters>true</generateCraters>
                <generateCaves>false</generateCaves>
                <generateVolcanos>false</generateVolcanos>
                <generateStructures>false</generateStructures>
                <generateGeodes>false</generateGeodes>
                <seaLevel>47</seaLevel>
                <biomeIds>advancedrocketry:moon;30,advancedrocketry:moondark;30</biomeIds>
            </planet>
        </planet>
        <planet DIMID="21" name="Sol 21">
            <isKnown>false</isKnown>
            <fogColor>1.0,1.0,1.0</fogColor>
            <skyColor>0.8,0.7814417,0.6507009</skyColor>
            <gravitationalMultiplier>130</gravitationalMultiplier>
            <orbitalDistance>133</orbitalDistance>
            <orbitalTheta>267</orbitalTheta>
            <orbitalPhi>-326</orbitalPhi>
            <retrograde>false</retrograde>
            <avgTemperature>293</avgTemperature>
            <rotationalPeriod>10923</rotationalPeriod>
            <atmosphereDensity>192</atmosphereDensity>
            <generateCraters>false</generateCraters>
            <generateCaves>false</generateCaves>
            <generateVolcanos>false</generateVolcanos>
            <generateStructures>true</generateStructures>
            <generateGeodes>true</generateGeodes>
            <biomeIds>minecraft:extreme_hills;10</biomeIds>
            <planet DIMID="22" name="Sol 21: 0">
                <isKnown>false</isKnown>
                <fogColor>1.0,1.0,1.0</fogColor>
                <skyColor>0.8,0.64526796,1.0</skyColor>
                <gravitationalMultiplier>73</gravitationalMultiplier>
                <orbitalDistance>189</orbitalDistance>
                <orbitalTheta>354</orbitalTheta>
                <orbitalPhi>-120</orbitalPhi>
                <retrograde>false</retrograde>
                <avgTemperature>186</avgTemperature>
                <rotationalPeriod>61693</rotationalPeriod>
                <atmosphereDensity>30</atmosphereDensity>
                <generateCraters>true</generateCraters>
                <generateCaves>false</generateCaves>
                <generateVolcanos>false</generateVolcanos>
                <generateStructures>false</generateStructures>
                <generateGeodes>false</generateGeodes>
                <biomeIds>biomesoplenty:white_beach;30,biomesoplenty:overgrown_cliffs;30,minecraft:birch_forest_hills;30,biomesoplenty:origin_island;30,advancedrocketry:hotdryrock;30</biomeIds>
            </planet>
        </planet>
        <planet DIMID="23" name="Sol 23">
            <isKnown>false</isKnown>
            <fogColor>1.0,1.0,1.0</fogColor>
            <skyColor>0.8,0.759609,0.8305352</skyColor>
            <gravitationalMultiplier>130</gravitationalMultiplier>
            <orbitalDistance>152</orbitalDistance>
            <orbitalTheta>156</orbitalTheta>
            <orbitalPhi>-300</orbitalPhi>
            <retrograde>false</retrograde>
            <avgTemperature>239</avgTemperature>
            <rotationalPeriod>10923</rotationalPeriod>
            <atmosphereDensity>111</atmosphereDensity>
            <generateCraters>false</generateCraters>
            <generateCaves>false</generateCaves>
            <generateVolcanos>false</generateVolcanos>
            <generateStructures>false</generateStructures>
            <generateGeodes>false</generateGeodes>
            <biomeIds>advancedrocketry:crystalchasms;30</biomeIds>
            <planet DIMID="24" name="Sol 23: 0">
                <isKnown>false</isKnown>
                <fogColor>1.0,1.0,1.0</fogColor>
                <skyColor>0.8,0.740144,1.0</skyColor>
                <gravitationalMultiplier>60</gravitationalMultiplier>
                <orbitalDistance>184</orbitalDistance>
                <orbitalTheta>13</orbitalTheta>
                <orbitalPhi>-208</orbitalPhi>
                <retrograde>false</retrograde>
                <avgTemperature>188</avgTemperature>
                <rotationalPeriod>111111</rotationalPeriod>
                <atmosphereDensity>29</atmosphereDensity>
                <generateCraters>true</generateCraters>
                <generateCaves>false</generateCaves>
                <generateVolcanos>false</generateVolcanos>
                <generateStructures>false</generateStructures>
                <generateGeodes>false</generateGeodes>
                <biomeIds>srparasites:biome_parasite;30,advancedrocketry:marsh;30,biomesoplenty:lush_desert;30,jeid:error_biome;30,biomesoplenty:redwood_forest_edge;30</biomeIds>
            </planet>
            <planet DIMID="25" name="Sol 23: 1">
                <isKnown>false</isKnown>
                <fogColor>1.0,1.0,1.0</fogColor>
                <skyColor>0.8,0.7559544,0.942491</skyColor>
                <gravitationalMultiplier>85</gravitationalMultiplier>
                <orbitalDistance>165</orbitalDistance>
                <orbitalTheta>87</orbitalTheta>
                <orbitalPhi>-131</orbitalPhi>
                <retrograde>false</retrograde>
                <avgTemperature>199</avgTemperature>
                <rotationalPeriod>39079</rotationalPeriod>
                <atmosphereDensity>27</atmosphereDensity>
                <generateCraters>true</generateCraters>
                <generateCaves>false</generateCaves>
                <generateVolcanos>false</generateVolcanos>
                <generateStructures>false</generateStructures>
                <generateGeodes>false</generateGeodes>
                <biomeIds>advancedrocketry:alien_forest;30,biomesoplenty:steppe;30,minecraft:mutated_plains;30,minecraft:mutated_savanna;30,ancientspellcraft:pocket;30</biomeIds>
            </planet>
        </planet>
        <planet DIMID="8" name="Sol 8">
            <isKnown>false</isKnown>
            <fogColor>1.0,1.0,1.0</fogColor>
            <skyColor>0.8,0.8387377,0.061249614</skyColor>
            <gravitationalMultiplier>90</gravitationalMultiplier>
            <orbitalDistance>49</orbitalDistance>
            <orbitalTheta>315</orbitalTheta>
            <orbitalPhi>-11</orbitalPhi>
            <retrograde>false</retrograde>
            <avgTemperature>480</avgTemperature>
            <rotationalPeriod>32379</rotationalPeriod>
            <atmosphereDensity>186</atmosphereDensity>
            <generateCraters>false</generateCraters>
            <generateCaves>false</generateCaves>
            <generateVolcanos>true</generateVolcanos>
            <generateStructures>false</generateStructures>
            <generateGeodes>true</generateGeodes>
            <biomeIds>biomesoplenty:fungi_forest;30,biomesoplenty:xeric_shrubland;30,netherex:torrid_wasteland;30,minecraft:jungle_hills;30,minecraft:mutated_mesa;30</biomeIds>
            <oceanBlock>minecraft:lava</oceanBlock>
        </planet>
        <planet DIMID="9" name="Sol 9">
            <isKnown>false</isKnown>
            <fogColor>1.0,1.0,1.0</fogColor>
            <skyColor>0.8,0.83810556,0.8314631</skyColor>
            <gravitationalMultiplier>122</gravitationalMultiplier>
            <orbitalDistance>132</orbitalDistance>
            <orbitalTheta>98</orbitalTheta>
            <orbitalPhi>-230</orbitalPhi>
            <retrograde>false</retrograde>
            <avgTemperature>251</avgTemperature>
            <rotationalPeriod>13055</rotationalPeriod>
            <atmosphereDensity>102</atmosphereDensity>
            <generateCraters>false</generateCraters>
            <generateCaves>false</generateCaves>
            <generateVolcanos>false</generateVolcanos>
            <generateStructures>true</generateStructures>
            <generateGeodes>false</generateGeodes>
            <biomeIds>biomesoplenty:overgrown_cliffs;30,minecraft:birch_forest_hills;30,minecraft:mutated_extreme_hills;30,minecraft:mushroom_island_shore;30,biomesoplenty:origin_island;30</biomeIds>
            <planet DIMID="10" name="Sol 9: 0">
                <isKnown>false</isKnown>
                <fogColor>1.0,1.0,1.0</fogColor>
                <skyColor>0.8,0.8635693,0.9329441</skyColor>
                <gravitationalMultiplier>72</gravitationalMultiplier>
                <orbitalDistance>136</orbitalDistance>
                <orbitalTheta>38</orbitalTheta>
                <orbitalPhi>-58</orbitalPhi>
                <retrograde>false</retrograde>
                <avgTemperature>219</avgTemperature>
                <rotationalPeriod>64300</rotationalPeriod>
                <atmosphereDensity>21</atmosphereDensity>
                <generateCraters>true</generateCraters>
                <generateCaves>false</generateCaves>
                <generateVolcanos>false</generateVolcanos>
                <generateStructures>false</generateStructures>
                <generateGeodes>false</generateGeodes>
                <biomeIds>advancedrocketry:moon;30,advancedrocketry:moondark;30</biomeIds>
            </planet>
            <planet DIMID="11" name="Sol 9: 1">
                <isKnown>false</isKnown>
                <fogColor>1.0,1.0,1.0</fogColor>
                <skyColor>0.8,0.6176808,0.8226211</skyColor>
                <gravitationalMultiplier>85</gravitationalMultiplier>
                <orbitalDistance>110</orbitalDistance>
                <orbitalTheta>90</orbitalTheta>
                <orbitalPhi>-227</orbitalPhi>
                <retrograde>false</retrograde>
                <avgTemperature>243</avgTemperature>
                <rotationalPeriod>39079</rotationalPeriod>
                <atmosphereDensity>34</atmosphereDensity>
                <generateCraters>true</generateCraters>
                <generateCaves>false</generateCaves>
                <generateVolcanos>false</generateVolcanos>
                <generateStructures>false</generateStructures>
                <generateGeodes>false</generateGeodes>
                <seaLevel>46</seaLevel>
                <biomeIds>minecraft:ice_flats;30</biomeIds>
            </planet>
            <planet DIMID="12" name="Sol 9: 2">
                <isKnown>false</isKnown>
                <fogColor>1.0,1.0,1.0</fogColor>
                <skyColor>0.8,0.8707633,0.9005729</skyColor>
                <gravitationalMultiplier>75</gravitationalMultiplier>
                <orbitalDistance>136</orbitalDistance>
                <orbitalTheta>92</orbitalTheta>
                <orbitalPhi>-114</orbitalPhi>
                <retrograde>false</retrograde>
                <avgTemperature>219</avgTemperature>
                <rotationalPeriod>56888</rotationalPeriod>
                <atmosphereDensity>18</atmosphereDensity>
                <generateCraters>true</generateCraters>
                <generateCaves>false</generateCaves>
                <generateVolcanos>false</generateVolcanos>
                <generateStructures>false</generateStructures>
                <generateGeodes>false</generateGeodes>
                <biomeIds>advancedrocketry:moon;30,advancedrocketry:moondark;30</biomeIds>
            </planet>
        </planet>
        <planet DIMID="26" name="Sol 26">
            <isKnown>false</isKnown>
            <fogColor>1.0,1.0,1.0</fogColor>
            <skyColor>0.8,0.99587756,0.25680083</skyColor>
            <gravitationalMultiplier>104</gravitationalMultiplier>
            <orbitalDistance>35</orbitalDistance>
            <orbitalTheta>199</orbitalTheta>
            <orbitalPhi>-145</orbitalPhi>
            <retrograde>false</retrograde>
            <avgTemperature>432</avgTemperature>
            <rotationalPeriod>21031</rotationalPeriod>
            <atmosphereDensity>22</atmosphereDensity>
            <generateCraters>true</generateCraters>
            <generateCaves>false</generateCaves>
            <generateVolcanos>false</generateVolcanos>
            <generateStructures>false</generateStructures>
            <generateGeodes>false</generateGeodes>
            <biomeIds>advancedrocketry:moon;30,advancedrocketry:moondark;30</biomeIds>
            <planet DIMID="27" name="Sol 26: 0">
                <isKnown>false</isKnown>
                <fogColor>1.0,1.0,1.0</fogColor>
                <skyColor>0.8,0.9112543,0.8884248</skyColor>
                <gravitationalMultiplier>56</gravitationalMultiplier>
                <orbitalDistance>141</orbitalDistance>
                <orbitalTheta>19</orbitalTheta>
                <orbitalPhi>-181</orbitalPhi>
                <retrograde>false</retrograde>
                <avgTemperature>215</avgTemperature>
                <rotationalPeriod>136661</rotationalPeriod>
                <atmosphereDensity>30</atmosphereDensity>
                <generateCraters>true</generateCraters>
                <generateCaves>false</generateCaves>
                <generateVolcanos>false</generateVolcanos>
                <generateStructures>false</generateStructures>
                <generateGeodes>false</generateGeodes>
                <biomeIds>advancedrocketry:crystalchasms;30</biomeIds>
            </planet>
        </planet>
        <planet DIMID="13" name="Sol 13">
            <isKnown>false</isKnown>
            <fogColor>1.0,1.0,1.0</fogColor>
            <skyColor>0.8,0.7710643,0.93558985</skyColor>
            <gravitationalMultiplier>122</gravitationalMultiplier>
            <orbitalDistance>145</orbitalDistance>
            <orbitalTheta>290</orbitalTheta>
            <orbitalPhi>-7</orbitalPhi>
            <retrograde>false</retrograde>
            <avgTemperature>212</avgTemperature>
            <rotationalPeriod>13055</rotationalPeriod>
            <atmosphereDensity>0</atmosphereDensity>
            <generateCraters>true</generateCraters>
            <generateCaves>false</generateCaves>
            <generateVolcanos>false</generateVolcanos>
            <generateStructures>false</generateStructures>
            <generateGeodes>false</generateGeodes>
            <seaLevel>60</seaLevel>
            <biomeIds>advancedrocketry:moon;30,advancedrocketry:moondark;30</biomeIds>
            <planet DIMID="14" name="Sol 13: 0">
                <isKnown>false</isKnown>
                <fogColor>1.0,1.0,1.0</fogColor>
                <skyColor>0.8,0.9437802,1.0</skyColor>
                <gravitationalMultiplier>55</gravitationalMultiplier>
                <orbitalDistance>192</orbitalDistance>
                <orbitalTheta>94</orbitalTheta>
                <orbitalPhi>38</orbitalPhi>
                <retrograde>false</retrograde>
                <avgTemperature>184</avgTemperature>
                <rotationalPeriod>144252</rotationalPeriod>
                <atmosphereDensity>15</atmosphereDensity>
                <generateCraters>true</generateCraters>
                <generateCaves>false</generateCaves>
                <generateVolcanos>false</generateVolcanos>
                <generateStructures>false</generateStructures>
                <generateGeodes>false</generateGeodes>
                <biomeIds>advancedrocketry:moon;30,advancedrocketry:moondark;30</biomeIds>
            </planet>
        </planet>
        <planet DIMID="15" name="Sol 15">
            <isKnown>false</isKnown>
            <fogColor>1.0,1.0,1.0</fogColor>
            <skyColor>0.8,0.69998026,0.7284306</skyColor>
            <gravitationalMultiplier>98</gravitationalMultiplier>
            <orbitalDistance>158</orbitalDistance>
            <orbitalTheta>236</orbitalTheta>
            <orbitalPhi>-167</orbitalPhi>
            <retrograde>false</retrograde>
            <avgTemperature>266</avgTemperature>
            <rotationalPeriod>25113</rotationalPeriod>
            <atmosphereDensity>183</atmosphereDensity>
            <generateCraters>false</generateCraters>
            <generateCaves>false</generateCaves>
            <generateVolcanos>false</generateVolcanos>
            <generateStructures>true</generateStructures>
            <generateGeodes>true</generateGeodes>
            <biomeIds>biomesoplenty:kelp_forest;30,biomesoplenty:lavender_fields;30,ancientspellcraft:pocket;30,minecraft:mutated_plains;30,minecraft:forest;10</biomeIds>
        </planet>
    </star>
    <star blackHole="false" name="Wolf 12" numGasGiants="0" numPlanets="0" size="1.0" temp="10" x="300" y="-200">
        <planet DIMID="32" name="Wolf 12 32">
            <isKnown>false</isKnown>
            <fogColor>1.0,1.0,1.0</fogColor>
            <skyColor>0.362305,0.57357347,1.0</skyColor>
            <gravitationalMultiplier>116</gravitationalMultiplier>
            <orbitalDistance>133</orbitalDistance>
            <orbitalTheta>297</orbitalTheta>
            <orbitalPhi>-209</orbitalPhi>
            <retrograde>false</retrograde>
            <avgTemperature>22</avgTemperature>
            <rotationalPeriod>14794</rotationalPeriod>
            <atmosphereDensity>0</atmosphereDensity>
            <generateCraters>true</generateCraters>
            <generateCaves>false</generateCaves>
            <generateVolcanos>false</generateVolcanos>
            <generateStructures>false</generateStructures>
            <generateGeodes>false</generateGeodes>
            <biomeIds>advancedrocketry:moon;30,advancedrocketry:moondark;30</biomeIds>
            <planet DIMID="33" name="Wolf 12 32: 0">
                <isKnown>false</isKnown>
                <fogColor>1.0,1.0,1.0</fogColor>
                <skyColor>0.29263997,0.73726887,1.0</skyColor>
                <gravitationalMultiplier>67</gravitationalMultiplier>
                <orbitalDistance>166</orbitalDistance>
                <orbitalTheta>272</orbitalTheta>
                <orbitalPhi>158</orbitalPhi>
                <retrograde>false</retrograde>
                <avgTemperature>19</avgTemperature>
                <rotationalPeriod>79797</rotationalPeriod>
                <atmosphereDensity>17</atmosphereDensity>
                <generateCraters>true</generateCraters>
                <generateCaves>false</generateCaves>
                <generateVolcanos>false</generateVolcanos>
                <generateStructures>false</generateStructures>
                <generateGeodes>false</generateGeodes>
                <biomeIds>advancedrocketry:moon;30,advancedrocketry:moondark;30</biomeIds>
            </planet>
        </planet>
        <planet DIMID="34" name="Wolf 12 34">
            <isKnown>false</isKnown>
            <fogColor>1.0,1.0,1.0</fogColor>
            <skyColor>0.3345986,0.85414445,1.0</skyColor>
            <gravitationalMultiplier>123</gravitationalMultiplier>
            <orbitalDistance>168</orbitalDistance>
            <orbitalTheta>101</orbitalTheta>
            <orbitalPhi>-46</orbitalPhi>
            <retrograde>false</retrograde>
            <avgTemperature>25</avgTemperature>
            <rotationalPeriod>12741</rotationalPeriod>
            <atmosphereDensity>168</atmosphereDensity>
            <generateCraters>false</generateCraters>
            <generateCaves>false</generateCaves>
            <generateVolcanos>false</generateVolcanos>
            <generateStructures>false</generateStructures>
            <generateGeodes>true</generateGeodes>
            <biomeIds>biomesoplenty:woodland;30,biomesoplenty:origin_beach;30,minecraft:mutated_plains;30,minecraft:beaches;30,minecraft:forest_hills;30</biomeIds>
            <planet DIMID="35" name="Wolf 12 34: 0">
                <isKnown>false</isKnown>
                <fogColor>1.0,1.0,1.0</fogColor>
                <skyColor>0.31396013,0.6535827,1.0</skyColor>
                <gravitationalMultiplier>48</gravitationalMultiplier>
                <orbitalDistance>151</orbitalDistance>
                <orbitalTheta>184</orbitalTheta>
                <orbitalPhi>-316</orbitalPhi>
                <retrograde>false</retrograde>
                <avgTemperature>20</avgTemperature>
                <rotationalPeriod>217013</rotationalPeriod>
                <atmosphereDensity>35</atmosphereDensity>
                <generateCraters>true</generateCraters>
                <generateCaves>false</generateCaves>
                <generateVolcanos>false</generateVolcanos>
                <generateStructures>false</generateStructures>
                <generateGeodes>false</generateGeodes>
                <biomeIds>biomesoplenty:grassland;30,minecraft:mutated_mesa_clear_rock;30,biomesoplenty:origin_beach;30,biomesoplenty:white_beach;30,biomesoplenty:gravel_beach;30</biomeIds>
            </planet>
            <planet DIMID="36" name="Wolf 12 34: 1">
                <isKnown>false</isKnown>
                <fogColor>1.0,1.0,1.0</fogColor>
                <skyColor>0.32109684,0.8669416,1.0</skyColor>
                <gravitationalMultiplier>61</gravitationalMultiplier>
                <orbitalDistance>108</orbitalDistance>
                <orbitalTheta>183</orbitalTheta>
                <orbitalPhi>18</orbitalPhi>
                <retrograde>false</retrograde>
                <avgTemperature>24</avgTemperature>
                <rotationalPeriod>105735</rotationalPeriod>
                <atmosphereDensity>27</atmosphereDensity>
                <generateCraters>true</generateCraters>
                <generateCaves>false</generateCaves>
                <generateVolcanos>false</generateVolcanos>
                <generateStructures>false</generateStructures>
                <generateGeodes>false</generateGeodes>
                <biomeIds>biomesoplenty:redwood_forest_edge;30,minecraft:stone_beach;30,minecraft:jungle_edge;30,biomesoplenty:grassland;30,biomesoplenty:origin_beach;30</biomeIds>
            </planet>
        </planet>
        <planet DIMID="37" name="Wolf 12 37">
            <isKnown>false</isKnown>
            <fogColor>1.0,1.0,1.0</fogColor>
            <skyColor>0.44491947,0.74799466,1.0</skyColor>
            <gravitationalMultiplier>108</gravitationalMultiplier>
            <orbitalDistance>30</orbitalDistance>
            <orbitalTheta>290</orbitalTheta>
            <orbitalPhi>-355</orbitalPhi>
            <retrograde>false</retrograde>
            <avgTemperature>46</avgTemperature>
            <rotationalPeriod>18789</rotationalPeriod>
            <atmosphereDensity>53</atmosphereDensity>
            <generateCraters>true</generateCraters>
            <generateCaves>false</generateCaves>
            <generateVolcanos>false</generateVolcanos>
            <generateStructures>false</generateStructures>
            <generateGeodes>false</generateGeodes>
            <biomeIds>biomesoplenty:volcanic_island;30,minecraft:mutated_roofed_forest;30,minecraft:mutated_desert;30,biomesoplenty:lush_desert;30,biomesoplenty:undergarden;30</biomeIds>
            <planet DIMID="38" name="Wolf 12 37: 0">
                <isKnown>false</isKnown>
                <fogColor>1.0,1.0,1.0</fogColor>
                <skyColor>0.29780877,0.6377468,1.0</skyColor>
                <gravitationalMultiplier>34</gravitationalMultiplier>
                <orbitalDistance>127</orbitalDistance>
                <orbitalTheta>36</orbitalTheta>
                <orbitalPhi>-154</orbitalPhi>
                <retrograde>false</retrograde>
                <avgTemperature>22</avgTemperature>
                <rotationalPeriod>610624</rotationalPeriod>
                <atmosphereDensity>21</atmosphereDensity>
                <generateCraters>true</generateCraters>
                <generateCaves>false</generateCaves>
                <generateVolcanos>false</generateVolcanos>
                <generateStructures>false</generateStructures>
                <generateGeodes>false</generateGeodes>
                <biomeIds>advancedrocketry:moon;30,advancedrocketry:moondark;30</biomeIds>
            </planet>
            <planet DIMID="39" name="Wolf 12 37: 1">
                <isKnown>false</isKnown>
                <fogColor>1.0,1.0,1.0</fogColor>
                <skyColor>0.2893349,0.69370246,1.0</skyColor>
                <gravitationalMultiplier>60</gravitationalMultiplier>
                <orbitalDistance>106</orbitalDistance>
                <orbitalTheta>267</orbitalTheta>
                <orbitalPhi>-252</orbitalPhi>
                <retrograde>false</retrograde>
                <avgTemperature>24</avgTemperature>
                <rotationalPeriod>111111</rotationalPeriod>
                <atmosphereDensity>25</atmosphereDensity>
                <generateCraters>true</generateCraters>
                <generateCaves>false</generateCaves>
                <generateVolcanos>false</generateVolcanos>
                <generateStructures>false</generateStructures>
                <generateGeodes>false</generateGeodes>
                <biomeIds>advancedrocketry:moon;30,advancedrocketry:moondark;30</biomeIds>
            </planet>
        </planet>
        <planet DIMID="28" name="Wolf 12 28">
            <isKnown>false</isKnown>
            <fogColor>1.0,1.0,1.0</fogColor>
            <skyColor>0.4868747,0.9313905,1.0</skyColor>
            <gravitationalMultiplier>125</gravitationalMultiplier>
            <orbitalDistance>20</orbitalDistance>
            <orbitalTheta>174</orbitalTheta>
            <orbitalPhi>-261</orbitalPhi>
            <retrograde>false</retrograde>
            <avgTemperature>71</avgTemperature>
            <rotationalPeriod>12141</rotationalPeriod>
            <atmosphereDensity>156</atmosphereDensity>
            <generateCraters>false</generateCraters>
            <generateCaves>false</generateCaves>
            <generateVolcanos>false</generateVolcanos>
            <generateStructures>false</generateStructures>
            <generateGeodes>true</generateGeodes>
            <biomeIds>minecraft:mutated_birch_forest;30,biomesoplenty:white_beach;30,biomesoplenty:temperate_rainforest;30,biomesoplenty:kelp_forest;30,biomesoplenty:chaparral;30</biomeIds>
            <planet DIMID="29" name="Wolf 12 28: 0">
                <isKnown>false</isKnown>
                <fogColor>1.0,1.0,1.0</fogColor>
                <skyColor>0.36861223,0.55075353,1.0</skyColor>
                <gravitationalMultiplier>48</gravitationalMultiplier>
                <orbitalDistance>117</orbitalDistance>
                <orbitalTheta>285</orbitalTheta>
                <orbitalPhi>-248</orbitalPhi>
                <retrograde>false</retrograde>
                <avgTemperature>23</avgTemperature>
                <rotationalPeriod>217013</rotationalPeriod>
                <atmosphereDensity>22</atmosphereDensity>
                <generateCraters>true</generateCraters>
                <generateCaves>false</generateCaves>
                <generateVolcanos>false</generateVolcanos>
                <generateStructures>false</generateStructures>
                <generateGeodes>false</generateGeodes>
                <biomeIds>advancedrocketry:moon;30,advancedrocketry:moondark;30</biomeIds>
            </planet>
        </planet>
        <planet DIMID="30" name="Wolf 12 30">
            <isKnown>false</isKnown>
            <fogColor>1.0,1.0,1.0</fogColor>
            <skyColor>0.3182494,0.9415293,1.0</skyColor>
            <gravitationalMultiplier>121</gravitationalMultiplier>
            <orbitalDistance>173</orbitalDistance>
            <orbitalTheta>343</orbitalTheta>
            <orbitalPhi>115</orbitalPhi>
            <retrograde>false</retrograde>
            <avgTemperature>21</avgTemperature>
            <rotationalPeriod>13380</rotationalPeriod>
            <atmosphereDensity>85</atmosphereDensity>
            <generateCraters>false</generateCraters>
            <generateCaves>false</generateCaves>
            <generateVolcanos>false</generateVolcanos>
            <generateStructures>false</generateStructures>
            <generateGeodes>false</generateGeodes>
            <biomeIds>biomesoplenty:white_beach;30,biomesoplenty:flower_field;30,biomesoplenty:marsh;30,biomesoplenty:grassland;30,srparasites:biome_parasite;30</biomeIds>
            <planet DIMID="31" name="Wolf 12 30: 0">
                <isKnown>false</isKnown>
                <fogColor>1.0,1.0,1.0</fogColor>
                <skyColor>0.31015033,0.9792297,1.0</skyColor>
                <gravitationalMultiplier>38</gravitationalMultiplier>
                <orbitalDistance>102</orbitalDistance>
                <orbitalTheta>298</orbitalTheta>
                <orbitalPhi>-155</orbitalPhi>
                <retrograde>false</retrograde>
                <avgTemperature>25</avgTemperature>
                <rotationalPeriod>437381</rotationalPeriod>
                <atmosphereDensity>37</atmosphereDensity>
                <generateCraters>true</generateCraters>
                <generateCaves>false</generateCaves>
                <generateVolcanos>false</generateVolcanos>
                <generateStructures>false</generateStructures>
                <generateGeodes>false</generateGeodes>
                <biomeIds>biomesoplenty:marsh;30,biomesoplenty:flower_island;30,biomesoplenty:kelp_forest;30,ancientspellcraft:pocket;30,advancedrocketry:volcanicbarren;30</biomeIds>
            </planet>
        </planet>
    </star>
    <star blackHole="false" name="Epsilon ire" numGasGiants="0" numPlanets="0" size="1.0" temp="170" x="-200" y="80">
        <planet DIMID="51" name="Epsilon ire 51">
            <isKnown>false</isKnown>
            <fogColor>1.0,1.0,1.0</fogColor>
            <skyColor>0.8,0.97795576,0.0</skyColor>
            <gravitationalMultiplier>130</gravitationalMultiplier>
            <orbitalDistance>27</orbitalDistance>
            <orbitalTheta>148</orbitalTheta>
            <orbitalPhi>-64</orbitalPhi>
            <retrograde>false</retrograde>
            <avgTemperature>1029</avgTemperature>
            <rotationalPeriod>10923</rotationalPeriod>
            <atmosphereDensity>143</atmosphereDensity>
            <generateCraters>false</generateCraters>
            <generateCaves>false</generateCaves>
            <generateVolcanos>true</generateVolcanos>
            <generateStructures>false</generateStructures>
            <generateGeodes>true</generateGeodes>
            <biomeIds>immersiveintelligence:wasteland;30,minecraft:ocean;30,biomesoplenty:oasis;30,biomesoplenty:xeric_shrubland;30,advancedrocketry:oceanspires;30</biomeIds>
            <oceanBlock>minecraft:lava</oceanBlock>
        </planet>
        <planet DIMID="52" name="Epsilon ire 52">
            <isKnown>false</isKnown>
            <fogColor>1.0,1.0,1.0</fogColor>
            <skyColor>0.8,0.5526503,0.38252938</skyColor>
            <gravitationalMultiplier>89</gravitationalMultiplier>
            <orbitalDistance>130</orbitalDistance>
            <orbitalTheta>43</orbitalTheta>
            <orbitalPhi>-241</orbitalPhi>
            <retrograde>false</retrograde>
            <avgTemperature>381</avgTemperature>
            <rotationalPeriod>33476</rotationalPeriod>
            <atmosphereDensity>0</atmosphereDensity>
            <generateCraters>true</generateCraters>
            <generateCaves>false</generateCaves>
            <generateVolcanos>false</generateVolcanos>
            <generateStructures>false</generateStructures>
            <generateGeodes>false</generateGeodes>
            <biomeIds>advancedrocketry:moon;30,advancedrocketry:moondark;30</biomeIds>
        </planet>
        <planet DIMID="53" name="Epsilon ire 53">
            <isKnown>false</isKnown>
            <hasRings>true</hasRings>
            <ringColor>0.8,0.83413374,0.03163284</ringColor>
            <fogColor>1.0,1.0,1.0</fogColor>
            <skyColor>0.8,0.83413374,0.03163284</skyColor>
            <gravitationalMultiplier>130</gravitationalMultiplier>
            <orbitalDistance>134</orbitalDistance>
            <orbitalTheta>84</orbitalTheta>
            <orbitalPhi>-94</orbitalPhi>
            <retrograde>false</retrograde>
            <avgTemperature>498</avgTemperature>
            <rotationalPeriod>10923</rotationalPeriod>
            <atmosphereDensity>194</atmosphereDensity>
            <generateCraters>false</generateCraters>
            <generateCaves>false</generateCaves>
            <generateVolcanos>true</generateVolcanos>
            <generateStructures>false</generateStructures>
            <generateGeodes>true</generateGeodes>
            <biomeIds>netherex:fungi_forest;30,minecraft:mutated_savanna;30,netherex:torrid_wasteland;30,minecraft:mutated_jungle_edge;30,minecraft:mutated_mesa_clear_rock;30</biomeIds>
            <planet DIMID="54" name="Epsilon ire 53: 0">
                <isKnown>false</isKnown>
                <fogColor>1.0,1.0,1.0</fogColor>
                <skyColor>0.8,0.8842463,0.59501487</skyColor>
                <gravitationalMultiplier>43</gravitationalMultiplier>
                <orbitalDistance>179</orbitalDistance>
                <orbitalTheta>256</orbitalTheta>
                <orbitalPhi>-273</orbitalPhi>
                <retrograde>false</retrograde>
                <avgTemperature>325</avgTemperature>
                <rotationalPeriod>301860</rotationalPeriod>
                <atmosphereDensity>31</atmosphereDensity>
                <generateCraters>true</generateCraters>
                <generateCaves>false</generateCaves>
                <generateVolcanos>false</generateVolcanos>
                <generateStructures>false</generateStructures>
                <generateGeodes>false</generateGeodes>
                <biomeIds>biomesoplenty:flower_field;30,biomesoplenty:coniferous_forest;30,ancientspellcraft:pocket;30,biomesoplenty:ominous_woods;30,biomesoplenty:land_of_lakes;30</biomeIds>
            </planet>
            <oceanBlock>minecraft:lava</oceanBlock>
        </planet>
        <planet DIMID="40" name="Epsilon ire 40">
            <isKnown>false</isKnown>
            <fogColor>1.0,1.0,1.0</fogColor>
            <skyColor>0.8,0.56819224,0.0</skyColor>
            <gravitationalMultiplier>130</gravitationalMultiplier>
            <orbitalDistance>55</orbitalDistance>
            <orbitalTheta>184</orbitalTheta>
            <orbitalPhi>-14</orbitalPhi>
            <retrograde>false</retrograde>
            <avgTemperature>791</avgTemperature>
            <rotationalPeriod>10923</rotationalPeriod>
            <atmosphereDensity>207</atmosphereDensity>
            <generateCraters>false</generateCraters>
            <generateCaves>false</generateCaves>
            <generateVolcanos>true</generateVolcanos>
            <generateStructures>false</generateStructures>
            <generateGeodes>true</generateGeodes>
            <biomeIds>biomesoplenty:fungi_forest;30,biomesoplenty:outback;30,advancedrocketry:hotdryrock;30,advancedrocketry:deepswamp;30,biomesoplenty:visceral_heap;30</biomeIds>
            <planet DIMID="41" name="Epsilon ire 40: 0">
                <isKnown>false</isKnown>
                <fogColor>1.0,1.0,1.0</fogColor>
                <skyColor>0.8,0.67076135,0.5951383</skyColor>
                <gravitationalMultiplier>44</gravitationalMultiplier>
                <orbitalDistance>174</orbitalDistance>
                <orbitalTheta>307</orbitalTheta>
                <orbitalPhi>-139</orbitalPhi>
                <retrograde>false</retrograde>
                <avgTemperature>329</avgTemperature>
                <rotationalPeriod>281743</rotationalPeriod>
                <atmosphereDensity>25</atmosphereDensity>
                <generateCraters>true</generateCraters>
                <generateCaves>false</generateCaves>
                <generateVolcanos>false</generateVolcanos>
                <generateStructures>false</generateStructures>
                <generateGeodes>false</generateGeodes>
                <biomeIds>advancedrocketry:moon;30,advancedrocketry:moondark;30</biomeIds>
            </planet>
            <oceanBlock>minecraft:lava</oceanBlock>
        </planet>
        <planet DIMID="42" name="Epsilon ire 42">
            <isKnown>false</isKnown>
            <fogColor>1.0,1.0,1.0</fogColor>
            <skyColor>0.8,0.5315372,0.23314089</skyColor>
            <gravitationalMultiplier>113</gravitationalMultiplier>
            <orbitalDistance>139</orbitalDistance>
            <orbitalTheta>204</orbitalTheta>
            <orbitalPhi>-15</orbitalPhi>
            <retrograde>false</retrograde>
            <avgTemperature>416</avgTemperature>
            <rotationalPeriod>16414</rotationalPeriod>
            <atmosphereDensity>101</atmosphereDensity>
            <generateCraters>false</generateCraters>
            <generateCaves>false</generateCaves>
            <generateVolcanos>false</generateVolcanos>
            <generateStructures>true</generateStructures>
            <generateGeodes>false</generateGeodes>
            <seaLevel>57</seaLevel>
            <biomeIds>ancientspellcraft:pocket;30,biomesoplenty:mangrove;30,minecraft:jungle_edge;30,biomesoplenty:mountain;30,biomesoplenty:fungi_forest;30</biomeIds>
            <planet DIMID="43" name="Epsilon ire 42: 0">
                <isKnown>false</isKnown>
                <fogColor>1.0,1.0,1.0</fogColor>
                <skyColor>0.8,0.8467674,0.23759127</skyColor>
                <gravitationalMultiplier>39</gravitationalMultiplier>
                <orbitalDistance>101</orbitalDistance>
                <orbitalTheta>249</orbitalTheta>
                <orbitalPhi>98</orbitalPhi>
                <retrograde>false</retrograde>
                <avgTemperature>432</avgTemperature>
                <rotationalPeriod>404592</rotationalPeriod>
                <atmosphereDensity>15</atmosphereDensity>
                <generateCraters>true</generateCraters>
                <generateCaves>false</generateCaves>
                <generateVolcanos>false</generateVolcanos>
                <generateStructures>false</generateStructures>
                <generateGeodes>false</generateGeodes>
                <biomeIds>advancedrocketry:moon;30,advancedrocketry:moondark;30</biomeIds>
            </planet>
            <planet DIMID="44" name="Epsilon ire 42: 1">
                <isKnown>false</isKnown>
                <fogColor>1.0,1.0,1.0</fogColor>
                <skyColor>0.8,0.9804728,0.26054442</skyColor>
                <gravitationalMultiplier>50</gravitationalMultiplier>
                <orbitalDistance>103</orbitalDistance>
                <orbitalTheta>343</orbitalTheta>
                <orbitalPhi>-174</orbitalPhi>
                <retrograde>false</retrograde>
                <avgTemperature>428</avgTemperature>
                <rotationalPeriod>192000</rotationalPeriod>
                <atmosphereDensity>13</atmosphereDensity>
                <generateCraters>true</generateCraters>
                <generateCaves>false</generateCaves>
                <generateVolcanos>false</generateVolcanos>
                <generateStructures>false</generateStructures>
                <generateGeodes>false</generateGeodes>
                <biomeIds>advancedrocketry:moon;30,advancedrocketry:moondark;30</biomeIds>
            </planet>
            <planet DIMID="45" name="Epsilon ire 42: 2">
                <isKnown>false</isKnown>
                <fogColor>1.0,1.0,1.0</fogColor>
                <skyColor>0.8,0.54989,0.5422544</skyColor>
                <gravitationalMultiplier>52</gravitationalMultiplier>
                <orbitalDistance>183</orbitalDistance>
                <orbitalTheta>255</orbitalTheta>
                <orbitalPhi>-99</orbitalPhi>
                <retrograde>false</retrograde>
                <avgTemperature>321</avgTemperature>
                <rotationalPeriod>170687</rotationalPeriod>
                <atmosphereDensity>16</atmosphereDensity>
                <generateCraters>true</generateCraters>
                <generateCaves>false</generateCaves>
                <generateVolcanos>false</generateVolcanos>
                <generateStructures>false</generateStructures>
                <generateGeodes>false</generateGeodes>
                <biomeIds>advancedrocketry:moon;30,advancedrocketry:moondark;30</biomeIds>
            </planet>
        </planet>
        <planet DIMID="46" name="Epsilon ire 46">
            <isKnown>false</isKnown>
            <fogColor>1.0,1.0,1.0</fogColor>
            <skyColor>0.8,0.72310257,0.48470163</skyColor>
            <gravitationalMultiplier>88</gravitationalMultiplier>
            <orbitalDistance>152</orbitalDistance>
            <orbitalTheta>269</orbitalTheta>
            <orbitalPhi>-66</orbitalPhi>
            <retrograde>false</retrograde>
            <avgTemperature>352</avgTemperature>
            <rotationalPeriod>34624</rotationalPeriod>
            <atmosphereDensity>3</atmosphereDensity>
            <generateCraters>true</generateCraters>
            <generateCaves>false</generateCaves>
            <generateVolcanos>false</generateVolcanos>
            <generateStructures>false</generateStructures>
            <generateGeodes>false</generateGeodes>
            <biomeIds>advancedrocketry:moon;30,advancedrocketry:moondark;30</biomeIds>
        </planet>
        <planet DIMID="47" name="Epsilon ire 47">
            <isKnown>false</isKnown>
            <fogColor>1.0,1.0,1.0</fogColor>
            <skyColor>0.8,0.6953883,0.0</skyColor>
            <gravitationalMultiplier>130</gravitationalMultiplier>
            <orbitalDistance>96</orbitalDistance>
            <orbitalTheta>89</orbitalTheta>
            <orbitalPhi>-24</orbitalPhi>
            <retrograde>false</retrograde>
            <avgTemperature>569</avgTemperature>
            <rotationalPeriod>10923</rotationalPeriod>
            <atmosphereDensity>169</atmosphereDensity>
            <generateCraters>false</generateCraters>
            <generateCaves>false</generateCaves>
            <generateVolcanos>true</generateVolcanos>
            <generateStructures>false</generateStructures>
            <generateGeodes>true</generateGeodes>
            <biomeIds>minecraft:mutated_mesa_clear_rock;30,minecraft:desert_hills;30,minecraft:mutated_jungle;30,minecraft:mutated_desert;30,minecraft:ocean;30</biomeIds>
            <planet DIMID="48" name="Epsilon ire 47: 0">
                <isKnown>false</isKnown>
                <fogColor>1.0,1.0,1.0</fogColor>
                <skyColor>0.8,0.9366768,0.37719953</skyColor>
                <gravitationalMultiplier>79</gravitationalMultiplier>
                <orbitalDistance>126</orbitalDistance>
                <orbitalTheta>172</orbitalTheta>
                <orbitalPhi>156</orbitalPhi>
                <retrograde>false</retrograde>
                <avgTemperature>387</avgTemperature>
                <rotationalPeriod>48677</rotationalPeriod>
                <atmosphereDensity>29</atmosphereDensity>
                <generateCraters>true</generateCraters>
                <generateCaves>false</generateCaves>
                <generateVolcanos>false</generateVolcanos>
                <generateStructures>false</generateStructures>
                <generateGeodes>false</generateGeodes>
                <biomeIds>minecraft:mutated_swampland;30,biomesoplenty:overgrown_cliffs;30,biomesoplenty:phantasmagoric_inferno;30,advancedrocketry:crystalchasms;30,jeid:error_biome;30</biomeIds>
            </planet>
            <planet DIMID="49" name="Epsilon ire 47: 1">
                <isKnown>false</isKnown>
                <fogColor>1.0,1.0,1.0</fogColor>
                <skyColor>0.8,0.84314585,0.43287724</skyColor>
                <gravitationalMultiplier>50</gravitationalMultiplier>
                <orbitalDistance>148</orbitalDistance>
                <orbitalTheta>14</orbitalTheta>
                <orbitalPhi>15</orbitalPhi>
                <retrograde>false</retrograde>
                <avgTemperature>357</avgTemperature>
                <rotationalPeriod>192000</rotationalPeriod>
                <atmosphereDensity>27</atmosphereDensity>
                <generateCraters>true</generateCraters>
                <generateCaves>false</generateCaves>
                <generateVolcanos>false</generateVolcanos>
                <generateStructures>false</generateStructures>
                <generateGeodes>false</generateGeodes>
                <biomeIds>biomesoplenty:land_of_lakes;30,biomesoplenty:coral_reef;30,advancedrocketry:crystalchasms;30,biomesoplenty:outback;30,minecraft:mutated_forest;30</biomeIds>
            </planet>
            <planet DIMID="50" name="Epsilon ire 47: 2">
                <isKnown>false</isKnown>
                <fogColor>1.0,1.0,1.0</fogColor>
                <skyColor>0.8,0.81729496,0.49439526</skyColor>
                <gravitationalMultiplier>71</gravitationalMultiplier>
                <orbitalDistance>152</orbitalDistance>
                <orbitalTheta>150</orbitalTheta>
                <orbitalPhi>184</orbitalPhi>
                <retrograde>false</retrograde>
                <avgTemperature>352</avgTemperature>
                <rotationalPeriod>67055</rotationalPeriod>
                <atmosphereDensity>25</atmosphereDensity>
                <generateCraters>true</generateCraters>
                <generateCaves>false</generateCaves>
                <generateVolcanos>false</generateVolcanos>
                <generateStructures>false</generateStructures>
                <generateGeodes>false</generateGeodes>
                <biomeIds>advancedrocketry:moon;30,advancedrocketry:moondark;30</biomeIds>
            </planet>
            <oceanBlock>minecraft:lava</oceanBlock>
        </planet>
    </star>
    <star blackHole="false" name="Proxima Centaurs" numGasGiants="0" numPlanets="0" size="1.0" temp="200" x="-150" y="250">
        <planet DIMID="55" name="Proxima Centaurs 55">
            <isKnown>false</isKnown>
            <fogColor>1.0,1.0,1.0</fogColor>
            <skyColor>0.8,0.85694784,0.0</skyColor>
            <gravitationalMultiplier>111</gravitationalMultiplier>
            <orbitalDistance>50</orbitalDistance>
            <orbitalTheta>92</orbitalTheta>
            <orbitalPhi>-211</orbitalPhi>
            <retrograde>false</retrograde>
            <avgTemperature>900</avgTemperature>
            <rotationalPeriod>17313</rotationalPeriod>
            <atmosphereDensity>150</atmosphereDensity>
            <generateCraters>false</generateCraters>
            <generateCaves>false</generateCaves>
            <generateVolcanos>true</generateVolcanos>
            <generateStructures>false</generateStructures>
            <generateGeodes>true</generateGeodes>
            <biomeIds>biomesoplenty:visceral_heap;30,minecraft:deep_ocean;30,netherex:fungi_forest;30,minecraft:mutated_desert;30,minecraft:mutated_jungle;30</biomeIds>
            <planet DIMID="56" name="Proxima Centaurs 55: 0">
                <isKnown>false</isKnown>
                <fogColor>1.0,1.0,1.0</fogColor>
                <skyColor>0.8,0.5759609,0.17136896</skyColor>
                <gravitationalMultiplier>44</gravitationalMultiplier>
                <orbitalDistance>135</orbitalDistance>
                <orbitalTheta>289</orbitalTheta>
                <orbitalPhi>-249</orbitalPhi>
                <retrograde>false</retrograde>
                <avgTemperature>440</avgTemperature>
                <rotationalPeriod>281743</rotationalPeriod>
                <atmosphereDensity>17</atmosphereDensity>
                <generateCraters>true</generateCraters>
                <generateCaves>false</generateCaves>
                <generateVolcanos>false</generateVolcanos>
                <generateStructures>false</generateStructures>
                <generateGeodes>false</generateGeodes>
                <biomeIds>advancedrocketry:moon;30,advancedrocketry:moondark;30</biomeIds>
            </planet>
            <oceanBlock>minecraft:lava</oceanBlock>
        </planet>
        <planet DIMID="57" name="Proxima Centaurs 57">
            <isKnown>false</isKnown>
            <fogColor>1.0,1.0,1.0</fogColor>
            <skyColor>0.8,0.89331484,0.0</skyColor>
            <gravitationalMultiplier>92</gravitationalMultiplier>
            <orbitalDistance>155</orbitalDistance>
            <orbitalTheta>65</orbitalTheta>
            <orbitalPhi>-100</orbitalPhi>
            <retrograde>false</retrograde>
            <avgTemperature>507</avgTemperature>
            <rotationalPeriod>30323</rotationalPeriod>
            <atmosphereDensity>145</atmosphereDensity>
            <generateCraters>false</generateCraters>
            <generateCaves>false</generateCaves>
            <generateVolcanos>true</generateVolcanos>
            <generateStructures>false</generateStructures>
            <generateGeodes>true</generateGeodes>
            <biomeIds>netherex:fungi_forest;30,biomesoplenty:xeric_shrubland;30,advancedrocketry:oceanspires;30,minecraft:mutated_mesa;30,minecraft:mutated_jungle;30</biomeIds>
            <oceanBlock>minecraft:lava</oceanBlock>
        </planet>
        <planet DIMID="58" name="Proxima Centaurs 58">
            <isKnown>false</isKnown>
            <fogColor>1.0,1.0,1.0</fogColor>
            <skyColor>0.8,0.97848743,0.40239215</skyColor>
            <gravitationalMultiplier>100</gravitationalMultiplier>
            <orbitalDistance>174</orbitalDistance>
            <orbitalTheta>303</orbitalTheta>
            <orbitalPhi>-319</orbitalPhi>
            <retrograde>false</retrograde>
            <avgTemperature>387</avgTemperature>
            <rotationalPeriod>23643</rotationalPeriod>
            <atmosphereDensity>9</atmosphereDensity>
            <generateCraters>true</generateCraters>
            <generateCaves>false</generateCaves>
            <generateVolcanos>false</generateVolcanos>
            <generateStructures>false</generateStructures>
            <generateGeodes>false</generateGeodes>
            <biomeIds>advancedrocketry:moon;30,advancedrocketry:moondark;30</biomeIds>
            <planet DIMID="59" name="Proxima Centaurs 58: 0">
                <isKnown>false</isKnown>
                <fogColor>1.0,1.0,1.0</fogColor>
                <skyColor>0.8,0.5501293,0.048886716</skyColor>
                <gravitationalMultiplier>68</gravitationalMultiplier>
                <orbitalDistance>108</orbitalDistance>
                <orbitalTheta>228</orbitalTheta>
                <orbitalPhi>-22</orbitalPhi>
                <retrograde>false</retrograde>
                <avgTemperature>492</avgTemperature>
                <rotationalPeriod>76328</rotationalPeriod>
                <atmosphereDensity>33</atmosphereDensity>
                <generateCraters>true</generateCraters>
                <generateCaves>false</generateCaves>
                <generateVolcanos>true</generateVolcanos>
                <generateStructures>false</generateStructures>
                <generateGeodes>false</generateGeodes>
                <seaLevel>60</seaLevel>
                <biomeIds>minecraft:savanna;30,advancedrocketry:oceanspires;30,minecraft:mutated_jungle;30,biomesoplenty:kelp_forest;30,biomesoplenty:xeric_shrubland;30</biomeIds>
                <oceanBlock>minecraft:lava</oceanBlock>
            </planet>
        </planet>
    </star>
    <star blackHole="false" name="Magnis Vulpes" numGasGiants="0" numPlanets="0" size="1.0" temp="70" x="-150" y="-250">
        <planet DIMID="60" name="Magnis Vulpes 60">
            <isKnown>false</isKnown>
            <fogColor>1.0,1.0,1.0</fogColor>
            <skyColor>0.8,0.51352763,0.76138014</skyColor>
            <gravitationalMultiplier>98</gravitationalMultiplier>
            <orbitalDistance>69</orbitalDistance>
            <orbitalTheta>178</orbitalTheta>
            <orbitalPhi>-125</orbitalPhi>
            <retrograde>false</retrograde>
            <avgTemperature>261</avgTemperature>
            <rotationalPeriod>25113</rotationalPeriod>
            <atmosphereDensity>136</atmosphereDensity>
            <generateCraters>false</generateCraters>
            <generateCaves>false</generateCaves>
            <generateVolcanos>false</generateVolcanos>
            <generateStructures>true</generateStructures>
            <generateGeodes>true</generateGeodes>
            <biomeIds>biomesoplenty:lavender_fields;30,minecraft:savanna_rock;30,minecraft:forest;10,biomesoplenty:mountain;30,biomesoplenty:temperate_rainforest;30</biomeIds>
        </planet>
        <planet DIMID="61" name="Magnis Vulpes 61">
            <isKnown>false</isKnown>
            <fogColor>1.0,1.0,1.0</fogColor>
            <skyColor>0.8,0.9348247,1.0</skyColor>
            <gravitationalMultiplier>130</gravitationalMultiplier>
            <orbitalDistance>100</orbitalDistance>
            <orbitalTheta>42</orbitalTheta>
            <orbitalPhi>247</orbitalPhi>
            <retrograde>false</retrograde>
            <avgTemperature>179</avgTemperature>
            <rotationalPeriod>10923</rotationalPeriod>
            <atmosphereDensity>58</atmosphereDensity>
            <generateCraters>true</generateCraters>
            <generateCaves>false</generateCaves>
            <generateVolcanos>false</generateVolcanos>
            <generateStructures>false</generateStructures>
            <generateGeodes>false</generateGeodes>
            <biomeIds>advancedrocketry:crystalchasms;30</biomeIds>
            <planet DIMID="62" name="Magnis Vulpes 61: 0">
                <isKnown>false</isKnown>
                <fogColor>1.0,1.0,1.0</fogColor>
                <skyColor>0.714418,0.9474767,1.0</skyColor>
                <gravitationalMultiplier>72</gravitationalMultiplier>
                <orbitalDistance>177</orbitalDistance>
                <orbitalTheta>168</orbitalTheta>
                <orbitalPhi>-196</orbitalPhi>
                <retrograde>false</retrograde>
                <avgTemperature>134</avgTemperature>
                <rotationalPeriod>64300</rotationalPeriod>
                <atmosphereDensity>25</atmosphereDensity>
                <generateCraters>true</generateCraters>
                <generateCaves>false</generateCaves>
                <generateVolcanos>false</generateVolcanos>
                <generateStructures>false</generateStructures>
                <generateGeodes>false</generateGeodes>
                <seaLevel>71</seaLevel>
                <biomeIds>advancedrocketry:moon;30,advancedrocketry:moondark;30</biomeIds>
            </planet>
        </planet>
    </star>
    <star blackHole="false" name="Ma-Roo" numGasGiants="0" numPlanets="0" size="1.0" temp="200" x="50" y="-250">
        <planet DIMID="64" name="Ma-Roo 64">
            <isKnown>false</isKnown>
            <fogColor>1.0,1.0,1.0</fogColor>
            <skyColor>0.8,0.8369895,0.0</skyColor>
            <gravitationalMultiplier>130</gravitationalMultiplier>
            <orbitalDistance>89</orbitalDistance>
            <orbitalTheta>26</orbitalTheta>
            <orbitalPhi>46</orbitalPhi>
            <retrograde>false</retrograde>
            <avgTemperature>630</avgTemperature>
            <rotationalPeriod>10923</rotationalPeriod>
            <atmosphereDensity>114</atmosphereDensity>
            <generateCraters>false</generateCraters>
            <generateCaves>false</generateCaves>
            <generateVolcanos>true</generateVolcanos>
            <generateStructures>false</generateStructures>
            <generateGeodes>false</generateGeodes>
            <biomeIds>minecraft:mutated_mesa_rock;30,advancedrocketry:marsh;30,minecraft:deep_ocean;30,biomesoplenty:oasis;30,minecraft:jungle_edge;30</biomeIds>
            <planet DIMID="65" name="Ma-Roo 64: 0">
                <isKnown>false</isKnown>
                <fogColor>1.0,1.0,1.0</fogColor>
                <skyColor>0.8,0.74884933,0.0</skyColor>
                <gravitationalMultiplier>48</gravitationalMultiplier>
                <orbitalDistance>106</orbitalDistance>
                <orbitalTheta>136</orbitalTheta>
                <orbitalPhi>-86</orbitalPhi>
                <retrograde>false</retrograde>
                <avgTemperature>496</avgTemperature>
                <rotationalPeriod>217013</rotationalPeriod>
                <atmosphereDensity>32</atmosphereDensity>
                <generateCraters>true</generateCraters>
                <generateCaves>false</generateCaves>
                <generateVolcanos>true</generateVolcanos>
                <generateStructures>false</generateStructures>
                <generateGeodes>false</generateGeodes>
                <biomeIds>biomesoplenty:fungi_forest;30,biomesoplenty:lush_desert;30,minecraft:desert_hills;30,netherex:ruthless_sands;30,minecraft:mutated_savanna_rock;30</biomeIds>
                <oceanBlock>minecraft:lava</oceanBlock>
            </planet>
            <oceanBlock>minecraft:lava</oceanBlock>
        </planet>
        <planet DIMID="66" name="Ma-Roo 66">
            <isKnown>false</isKnown>
            <fogColor>1.0,1.0,1.0</fogColor>
            <skyColor>0.8,0.52520037,0.4275449</skyColor>
            <gravitationalMultiplier>130</gravitationalMultiplier>
            <orbitalDistance>209</orbitalDistance>
            <orbitalTheta>121</orbitalTheta>
            <orbitalPhi>-151</orbitalPhi>
            <retrograde>false</retrograde>
            <avgTemperature>353</avgTemperature>
            <rotationalPeriod>10923</rotationalPeriod>
            <atmosphereDensity>3</atmosphereDensity>
            <generateCraters>true</generateCraters>
            <generateCaves>false</generateCaves>
            <generateVolcanos>false</generateVolcanos>
            <generateStructures>false</generateStructures>
            <generateGeodes>false</generateGeodes>
            <biomeIds>advancedrocketry:moon;30,advancedrocketry:moondark;30</biomeIds>
            <planet DIMID="67" name="Ma-Roo 66: 0">
                <isKnown>false</isKnown>
                <fogColor>1.0,1.0,1.0</fogColor>
                <skyColor>0.8,0.71245027,0.085342705</skyColor>
                <gravitationalMultiplier>52</gravitationalMultiplier>
                <orbitalDistance>123</orbitalDistance>
                <orbitalTheta>305</orbitalTheta>
                <orbitalPhi>-144</orbitalPhi>
                <retrograde>false</retrograde>
                <avgTemperature>461</avgTemperature>
                <rotationalPeriod>170687</rotationalPeriod>
                <atmosphereDensity>32</atmosphereDensity>
                <generateCraters>true</generateCraters>
                <generateCaves>false</generateCaves>
                <generateVolcanos>true</generateVolcanos>
                <generateStructures>false</generateStructures>
                <generateGeodes>false</generateGeodes>
                <seaLevel>76</seaLevel>
                <biomeIds>minecraft:jungle_edge;30,minecraft:deep_ocean;30,netherex:ruthless_sands;30,netherex:torrid_wasteland;30,mahoutsukai:realitymarble;30</biomeIds>
                <oceanBlock>minecraft:lava</oceanBlock>
            </planet>
            <planet DIMID="68" name="Ma-Roo 66: 1">
                <isKnown>false</isKnown>
                <fogColor>1.0,1.0,1.0</fogColor>
                <skyColor>0.8,0.6924958,0.20603913</skyColor>
                <gravitationalMultiplier>61</gravitationalMultiplier>
                <orbitalDistance>133</orbitalDistance>
                <orbitalTheta>293</orbitalTheta>
                <orbitalPhi>-16</orbitalPhi>
                <retrograde>false</retrograde>
                <avgTemperature>443</avgTemperature>
                <rotationalPeriod>105735</rotationalPeriod>
                <atmosphereDensity>35</atmosphereDensity>
                <generateCraters>true</generateCraters>
                <generateCaves>false</generateCaves>
                <generateVolcanos>false</generateVolcanos>
                <generateStructures>false</generateStructures>
                <generateGeodes>false</generateGeodes>
                <biomeIds>biomesoplenty:wasteland;30,biomesoplenty:redwood_forest;30,minecraft:mutated_desert;30,biomesoplenty:wetland;30,minecraft:mutated_savanna_rock;30</biomeIds>
            </planet>
        </planet>
        <planet DIMID="69" name="Ma-Roo 69">
            <isKnown>false</isKnown>
            <fogColor>1.0,1.0,1.0</fogColor>
            <skyColor>0.8,0.7859335,0.0</skyColor>
            <gravitationalMultiplier>122</gravitationalMultiplier>
            <orbitalDistance>121</orbitalDistance>
            <orbitalTheta>87</orbitalTheta>
            <orbitalPhi>-303</orbitalPhi>
            <retrograde>false</retrograde>
            <avgTemperature>559</avgTemperature>
            <rotationalPeriod>13055</rotationalPeriod>
            <atmosphereDensity>131</atmosphereDensity>
            <generateCraters>false</generateCraters>
            <generateCaves>false</generateCaves>
            <generateVolcanos>true</generateVolcanos>
            <generateStructures>false</generateStructures>
            <generateGeodes>true</generateGeodes>
            <seaLevel>62</seaLevel>
            <biomeIds>biomesoplenty:tropical_rainforest;30,minecraft:mutated_jungle_edge;30,minecraft:deep_ocean;30,biomesoplenty:xeric_shrubland;30,netherex:torrid_wasteland;30</biomeIds>
            <oceanBlock>minecraft:lava</oceanBlock>
        </planet>
        <planet DIMID="70" name="Ma-Roo 70">
            <isKnown>false</isKnown>
            <fogColor>1.0,1.0,1.0</fogColor>
            <skyColor>0.8,0.57238907,0.0</skyColor>
            <gravitationalMultiplier>95</gravitationalMultiplier>
            <orbitalDistance>15</orbitalDistance>
            <orbitalTheta>100</orbitalTheta>
            <orbitalPhi>210</orbitalPhi>
            <retrograde>false</retrograde>
            <avgTemperature>1383</avgTemperature>
            <rotationalPeriod>27555</rotationalPeriod>
            <atmosphereDensity>75</atmosphereDensity>
            <generateCraters>true</generateCraters>
            <generateCaves>false</generateCaves>
            <generateVolcanos>true</generateVolcanos>
            <generateStructures>false</generateStructures>
            <generateGeodes>false</generateGeodes>
            <seaLevel>78</seaLevel>
            <biomeIds>minecraft:mutated_jungle;30,minecraft:mutated_mesa;30,netherex:fungi_forest;30,minecraft:jungle;30,minecraft:desert_hills;30</biomeIds>
            <oceanBlock>minecraft:lava</oceanBlock>
        </planet>
        <planet DIMID="71" name="Ma-Roo 71">
            <isKnown>false</isKnown>
            <fogColor>1.0,1.0,1.0</fogColor>
            <skyColor>0.8,0.6060418,0.3021868</skyColor>
            <gravitationalMultiplier>130</gravitationalMultiplier>
            <orbitalDistance>171</orbitalDistance>
            <orbitalTheta>45</orbitalTheta>
            <orbitalPhi>356</orbitalPhi>
            <retrograde>false</retrograde>
            <avgTemperature>406</avgTemperature>
            <rotationalPeriod>10923</rotationalPeriod>
            <atmosphereDensity>73</atmosphereDensity>
            <generateCraters>true</generateCraters>
            <generateCaves>false</generateCaves>
            <generateVolcanos>false</generateVolcanos>
            <generateStructures>false</generateStructures>
            <generateGeodes>false</generateGeodes>
            <biomeIds>minecraft:extreme_hills_with_trees;30,biomesoplenty:flower_island;30,biomesoplenty:lavender_fields;30,biomesoplenty:tropical_island;30,minecraft:savanna_rock;30</biomeIds>
            <planet DIMID="72" name="Ma-Roo 71: 0">
                <isKnown>false</isKnown>
                <fogColor>1.0,1.0,1.0</fogColor>
                <skyColor>0.8,0.669038,0.1389029</skyColor>
                <gravitationalMultiplier>84</gravitationalMultiplier>
                <orbitalDistance>129</orbitalDistance>
                <orbitalTheta>86</orbitalTheta>
                <orbitalPhi>-139</orbitalPhi>
                <retrograde>false</retrograde>
                <avgTemperature>450</avgTemperature>
                <rotationalPeriod>40492</rotationalPeriod>
                <atmosphereDensity>21</atmosphereDensity>
                <generateCraters>true</generateCraters>
                <generateCaves>false</generateCaves>
                <generateVolcanos>false</generateVolcanos>
                <generateStructures>false</generateStructures>
                <generateGeodes>false</generateGeodes>
                <seaLevel>74</seaLevel>
                <biomeIds>advancedrocketry:moon;30,advancedrocketry:moondark;30</biomeIds>
            </planet>
            <planet DIMID="73" name="Ma-Roo 71: 1">
                <isKnown>false</isKnown>
                <fogColor>1.0,1.0,1.0</fogColor>
                <skyColor>0.8,0.88138735,0.4625774</skyColor>
                <gravitationalMultiplier>43</gravitationalMultiplier>
                <orbitalDistance>191</orbitalDistance>
                <orbitalTheta>43</orbitalTheta>
                <orbitalPhi>0</orbitalPhi>
                <retrograde>false</retrograde>
                <avgTemperature>370</avgTemperature>
                <rotationalPeriod>301860</rotationalPeriod>
                <atmosphereDensity>18</atmosphereDensity>
                <generateCraters>true</generateCraters>
                <generateCaves>false</generateCaves>
                <generateVolcanos>false</generateVolcanos>
                <generateStructures>false</generateStructures>
                <generateGeodes>false</generateGeodes>
                <biomeIds>advancedrocketry:moon;30,advancedrocketry:moondark;30</biomeIds>
            </planet>
        </planet>
        <planet DIMID="63" name="Ma-Roo 63">
            <isKnown>false</isKnown>
            <fogColor>1.0,1.0,1.0</fogColor>
            <skyColor>0.8,0.52070844,0.0</skyColor>
            <gravitationalMultiplier>88</gravitationalMultiplier>
            <orbitalDistance>69</orbitalDistance>
            <orbitalTheta>45</orbitalTheta>
            <orbitalPhi>-309</orbitalPhi>
            <retrograde>false</retrograde>
            <avgTemperature>749</avgTemperature>
            <rotationalPeriod>34624</rotationalPeriod>
            <atmosphereDensity>137</atmosphereDensity>
            <generateCraters>false</generateCraters>
            <generateCaves>false</generateCaves>
            <generateVolcanos>true</generateVolcanos>
            <generateStructures>false</generateStructures>
            <generateGeodes>true</generateGeodes>
            <biomeIds>minecraft:mutated_savanna_rock;30,minecraft:frozen_ocean;30,minecraft:savanna;30,minecraft:mutated_savanna;30,biomesoplenty:kelp_forest;30</biomeIds>
            <oceanBlock>minecraft:lava</oceanBlock>
        </planet>
    </star>
    <star blackHole="false" name="Alykitt" numGasGiants="0" numPlanets="0" size="1.0" temp="120" x="75" y="200">
        <planet DIMID="74" name="Alykitt 74">
            <isKnown>false</isKnown>
            <GasGiant>true</GasGiant>
            <gas>ammonia</gas>
            <gas>oxygen</gas>
            <gas>nitrogen</gas>
            <fogColor>1.0,1.0,1.0</fogColor>
            <skyColor>1.0,1.0,1.0</skyColor>
            <gravitationalMultiplier>87</gravitationalMultiplier>
            <orbitalDistance>219</orbitalDistance>
            <orbitalTheta>0</orbitalTheta>
            <orbitalPhi>0</orbitalPhi>
            <retrograde>false</retrograde>
            <avgTemperature>252</avgTemperature>
            <rotationalPeriod>24000</rotationalPeriod>
            <atmosphereDensity>137</atmosphereDensity>
            <generateCraters>false</generateCraters>
            <generateCaves>false</generateCaves>
            <generateVolcanos>false</generateVolcanos>
            <generateStructures>false</generateStructures>
            <generateGeodes>false</generateGeodes>
        </planet>
        <planet DIMID="75" name="Alykitt 75">
            <isKnown>false</isKnown>
            <fogColor>1.0,1.0,1.0</fogColor>
            <skyColor>0.8,0.5561152,0.0</skyColor>
            <gravitationalMultiplier>130</gravitationalMultiplier>
            <orbitalDistance>21</orbitalDistance>
            <orbitalTheta>132</orbitalTheta>
            <orbitalPhi>97</orbitalPhi>
            <retrograde>false</retrograde>
            <avgTemperature>824</avgTemperature>
            <rotationalPeriod>10923</rotationalPeriod>
            <atmosphereDensity>143</atmosphereDensity>
            <generateCraters>false</generateCraters>
            <generateCaves>false</generateCaves>
            <generateVolcanos>true</generateVolcanos>
            <generateStructures>false</generateStructures>
            <generateGeodes>true</generateGeodes>
            <biomeIds>minecraft:ocean;30,biomesoplenty:fungi_forest;30,minecraft:mutated_mesa;30,advancedrocketry:oceanspires;30,minecraft:deep_ocean;30</biomeIds>
            <planet DIMID="76" name="Alykitt 75: 0">
                <isKnown>false</isKnown>
                <fogColor>1.0,1.0,1.0</fogColor>
                <skyColor>0.8,0.5893614,0.6095996</skyColor>
                <gravitationalMultiplier>69</gravitationalMultiplier>
                <orbitalDistance>101</orbitalDistance>
                <orbitalTheta>106</orbitalTheta>
                <orbitalPhi>-225</orbitalPhi>
                <retrograde>false</retrograde>
                <avgTemperature>305</avgTemperature>
                <rotationalPeriod>73057</rotationalPeriod>
                <atmosphereDensity>13</atmosphereDensity>
                <generateCraters>true</generateCraters>
                <generateCaves>false</generateCaves>
                <generateVolcanos>false</generateVolcanos>
                <generateStructures>false</generateStructures>
                <generateGeodes>false</generateGeodes>
                <seaLevel>75</seaLevel>
                <biomeIds>advancedrocketry:moon;30,advancedrocketry:moondark;30</biomeIds>
            </planet>
            <oceanBlock>minecraft:lava</oceanBlock>
        </planet>
        <planet DIMID="77" name="Alykitt 77">
            <isKnown>false</isKnown>
            <fogColor>1.0,1.0,1.0</fogColor>
            <skyColor>0.8,0.73272645,0.45138347</skyColor>
            <gravitationalMultiplier>101</gravitationalMultiplier>
            <orbitalDistance>80</orbitalDistance>
            <orbitalTheta>244</orbitalTheta>
            <orbitalPhi>-141</orbitalPhi>
            <retrograde>false</retrograde>
            <avgTemperature>349</avgTemperature>
            <rotationalPeriod>22951</rotationalPeriod>
            <atmosphereDensity>67</atmosphereDensity>
            <generateCraters>true</generateCraters>
            <generateCaves>false</generateCaves>
            <generateVolcanos>false</generateVolcanos>
            <generateStructures>false</generateStructures>
            <generateGeodes>false</generateGeodes>
            <biomeIds>minecraft:desert_hills;30</biomeIds>
        </planet>
        <planet DIMID="78" name="Alykitt 78">
            <isKnown>false</isKnown>
            <fogColor>1.0,1.0,1.0</fogColor>
            <skyColor>0.8,0.58692527,0.92016256</skyColor>
            <gravitationalMultiplier>130</gravitationalMultiplier>
            <orbitalDistance>201</orbitalDistance>
            <orbitalTheta>107</orbitalTheta>
            <orbitalPhi>-200</orbitalPhi>
            <retrograde>false</retrograde>
            <avgTemperature>216</avgTemperature>
            <rotationalPeriod>10923</rotationalPeriod>
            <atmosphereDensity>31</atmosphereDensity>
            <generateCraters>true</generateCraters>
            <generateCaves>false</generateCaves>
            <generateVolcanos>false</generateVolcanos>
            <generateStructures>false</generateStructures>
            <generateGeodes>false</generateGeodes>
            <biomeIds>immersiveintelligence:wasteland;30,minecraft:birch_forest;10,biomesoplenty:coral_reef;30,biomesoplenty:cherry_blossom_grove;30,minecraft:mushroom_island;30</biomeIds>
            <planet DIMID="80" name="Alykitt 78: 1">
                <isKnown>false</isKnown>
                <fogColor>1.0,1.0,1.0</fogColor>
                <skyColor>0.8,0.7483427,0.621805</skyColor>
                <gravitationalMultiplier>43</gravitationalMultiplier>
                <orbitalDistance>101</orbitalDistance>
                <orbitalTheta>289</orbitalTheta>
                <orbitalPhi>-171</orbitalPhi>
                <retrograde>false</retrograde>
                <avgTemperature>305</avgTemperature>
                <rotationalPeriod>301860</rotationalPeriod>
                <atmosphereDensity>13</atmosphereDensity>
                <generateCraters>true</generateCraters>
                <generateCaves>false</generateCaves>
                <generateVolcanos>false</generateVolcanos>
                <generateStructures>false</generateStructures>
                <generateGeodes>false</generateGeodes>
                <biomeIds>advancedrocketry:moon;30,advancedrocketry:moondark;30</biomeIds>
            </planet>
            <planet DIMID="81" name="Alykitt 78: 2">
                <isKnown>false</isKnown>
                <fogColor>1.0,1.0,1.0</fogColor>
                <skyColor>0.8,0.7001648,0.8103856</skyColor>
                <gravitationalMultiplier>68</gravitationalMultiplier>
                <orbitalDistance>142</orbitalDistance>
                <orbitalTheta>212</orbitalTheta>
                <orbitalPhi>-9</orbitalPhi>
                <retrograde>false</retrograde>
                <avgTemperature>257</avgTemperature>
                <rotationalPeriod>76328</rotationalPeriod>
                <atmosphereDensity>36</atmosphereDensity>
                <generateCraters>true</generateCraters>
                <generateCaves>false</generateCaves>
                <generateVolcanos>false</generateVolcanos>
                <generateStructures>false</generateStructures>
                <generateGeodes>false</generateGeodes>
                <biomeIds>biomesoplenty:oasis;30,advancedrocketry:deepswamp;30,minecraft:mutated_mesa_clear_rock;30,minecraft:desert;30,biomesoplenty:origin_beach;30</biomeIds>
            </planet>
            <planet DIMID="79" name="Alykitt 78: 0">
                <isKnown>false</isKnown>
                <fogColor>1.0,1.0,1.0</fogColor>
                <skyColor>0.8,0.847086,0.8514644</skyColor>
                <gravitationalMultiplier>86</gravitationalMultiplier>
                <orbitalDistance>146</orbitalDistance>
                <orbitalTheta>16</orbitalTheta>
                <orbitalPhi>-172</orbitalPhi>
                <retrograde>false</retrograde>
                <avgTemperature>254</avgTemperature>
                <rotationalPeriod>37732</rotationalPeriod>
                <atmosphereDensity>29</atmosphereDensity>
                <generateCraters>true</generateCraters>
                <generateCaves>false</generateCaves>
                <generateVolcanos>false</generateVolcanos>
                <generateStructures>false</generateStructures>
                <generateGeodes>false</generateGeodes>
                <biomeIds>advancedrocketry:crystalchasms;30</biomeIds>
            </planet>
        </planet>
    </star>
</galaxy>
