{
  "general": {
    "generateOverrideConfigs": {
      "value": false,
      "comment": "If true, then crafting and damage override config files will be dumped into the config folder at boot.  WARNING: this will overwrite your existing override files!"
    },
    "opSignEditingOnly": {
      "value": false,
      "comment": "If true, only OPs will be able to edit signs on servers.  Does not affect client worlds."
    },
    "opPickupVehiclesOnly": {
      "value": false,
      "comment": "If true, only OPs will be able to pick up vehicles with wrenches.  Does not affect client worlds."
    },
    "creativePickupVehiclesOnly": {
      "value": false,
      "comment": "If true, vehicles can only be picked up in creative mode."
    },
    "keyRequiredToStartVehicles": {
      "value": false,
      "comment": "If true, vehicles can only be started if the player has the key in their hand."
    },
    "blockBreakage": {
      "value": true,
      "comment": "Whether or not vehicles and guns can break blocks when they hit them.  If false, vehicles will simply stop when they hit blocks, and guns won't break blocks when they hit them.  This will also disable explosive block breakage (though not explosions themselves) and prevent incendiary bullets from setting blocks on fire."
    },
    "vehicleDestruction": {
      "value": true,
      "comment": "Whether or not vehicles can be destroyed by ramming into blocks at high speeds.  Set this to false if you don't like loosing vehicles to badly-placed walls."
    },
    "noclipVehicles": {
      "value": false,
      "comment": "If true, vehicles will not be able to collide with blocks.  This also prevents them from moving if they do not have wheels on them, as otherwise they would phase through the ground into the void."
    },
    "creativeDamage": {
      "value": false,
      "comment": "If true, damage from vehicles and guns will be applied to creative players."
    },
    "chunkloadVehicles": {
      "value": true,
      "comment": "If true, vehicles will be chunkloaded when on roads/tracks.  This allows them to travel into unloaded chunks."
    },
    "doLegacyLightCompats": {
      "value": true,
      "comment": "If true, legacy compatibility code will be performed on all models to make their lights work with newer versions.  This code will significantly slow down boot times due to needing to parse all models on boot, however, packs may not have functional lights without it.  Choose wisely if you want speed or features."
    },
    "useHSV": {
      "value": false,
      "comment": "If enabled, the MTS dev mode will export color values as HSV instead of hex."
    },
    "allPlanesWithNav": {
      "value": false,
      "comment": "If true, all planes will have the ability to use beacons for navigation.  This is false to allow pack authors to define new/old planes that have this capability, but can be turned on if you don't care about realism."
    },
    "giveManualsOnJoin": {
      "value": true,
      "comment": "If true, then whenever a new player joins a world, they will be given a copy of the mod manuals."
    },
    "devMode": {
      "value": false,
      "comment": "If enabled, MTS will allow access to the dev mode GUI while sitting in vehicles.  The GUI allows editing JSONs in-game without the need to restart."
    },
    "roadMaxLength": {
      "value": 32,
      "comment": "How long a single segment of road can be, in blocks.  While you can have longer segements, be aware they have more collision boxes and will generate more lag when broken or interacted with, and may not render if outside the chunk they are in.  Must be a whole number."
    },
    "aircraftSpeedFactor": {
      "value": 0.35,
      "comment": "Factor to apply to aircraft movement.  1 is the realistic value, but this makes vehicles move too fast for Minecraft. Adjust with caution."
    },
    "carSpeedFactor": {
      "value": 0.35,
      "comment": "Factor to apply to car movement.  1 is the realistic value, but this makes vehicles move too fast for Minecraft. Adjust with caution."
    },
    "fuelUsageFactor": {
      "value": 1.0,
      "comment": "Factor times which engines use fuel.  Change this if you think engines use fuel too fast or slow.  Setting it to 0 will disable fuel and allow engines to run without it."
    },
    "engineHoursFactor": {
      "value": 1.0,
      "comment": "Factor times which engines hours accumulate.  Change this if you want to adjust how fast engines wear out."
    },
    "climbSpeed": {
      "value": 0.125,
      "comment": "How far a vehicle will 'climb' blocks every tick when the wheels go into the ground.  Higher values make vehicles climb blocks quicker at the cost of smooth movement."
    },
    "gravityFactor": {
      "value": 1.0,
      "comment": "Factor for gravitational forces applied to vehicles.  Can be adjusted if you think cars are too 'floaty'.  Does not affect aircraft."
    },
    "engineSpeedTempFactor": {
      "value": 1.0,
      "comment": "Factor for how RPM affects engine temp.  Higher values will make engines heat up quicker at higher RPMs."
    },
    "engineBiomeTempFactor": {
      "value": 1.0,
      "comment": "Factor for how biome temp affects engine temp.  Higher values will make engines heat up quicker in hotter biomes."
    },
    "rfToElectricityFactor": {
      "value": 0.02,
      "comment": "Factor for converting RF to internal electicity for vehicles.  Default value is 1/100, but can be adjusted."
    },
    "engineDimensionBlacklist": {
      "value": [],
      "comment": "Blacklist of dimension names where engines will be prevented from being started.  Can be used to disable vehicles in specific dimensions.  Think Galacticraft, where you don't want folks flying planes on the moon."
    },
    "engineDimensionWhitelist": {
      "value": [],
      "comment": "Whitelist of dimension names where engines will only be alowed to work.  Overrides the blacklist if this exists."
    },
    "packVehicleScales": {
      "value": {
        "mtsofficialpack": 1.0,
        "mts": 1.0,
        "auweschveb": 1.0,
        "auweschvebh": 1.0,
        "unudecor": 1.0,
        "unupartsexpanded": 1.0,
        "auweschvebx": 1.0,
        "unuparts": 1.0,
        "waywardcraft": 1.0,
        "subcraftica": 1.0,
        "unucivil": 1.0,
        "unucustom": 1.0,
        "auweschvebm": 1.0,
        "unumilitary": 1.0,
        "iavm": 1.0,
        "iav": 1.0
      },
      "comment": "Scale of all vehicles for this pack.  You probably won't want to change this, but if you do want the vehicles to be smaller for some reason, you can."
    },
    "packSpeedFactors": {
      "value": {
        "mtsofficialpack": 1.0,
        "mts": 1.0,
        "auweschveb": 1.0,
        "auweschvebh": 1.0,
        "unudecor": 1.0,
        "unupartsexpanded": 1.0,
        "auweschvebx": 1.0,
        "unuparts": 1.0,
        "waywardcraft": 1.0,
        "subcraftica": 1.0,
        "unucivil": 1.0,
        "unucustom": 1.0,
        "auweschvebm": 1.0,
        "unumilitary": 1.0,
        "iavm": 1.0,
        "iav": 1.0
      },
      "comment": "A mapping of pack-speciifc speed factors.  These values will only apply to the vehicles in the pack modified.  This allows for speeding up packs with slower vehicles, or slowing down packs with fast vehicles for a more even play experience.  Note that this applies on top of the global speed factor.  So if that is set to 0.30, and a pack is set to 0.5, then the total speed factor will be 0.15"
    },
    "itemWeights": {
      "comment1": "The following section is used for calculating item weights.  Any item that contains the text bits will have its weight multiplied by the following factor.",
      "comment2": "This mass factors into vehicle performance, with particular emphasis on vehicle payloads.  Some defaults are presented here, but you can add/remove to your liking.",
      "comment3": "Note that the part of the name searched is the item's registry name, NOT the in-game display name.  This is similar to what is in the /give command.",
      "weights": {
        "gold": 4.0,
        "diamond": 4.0,
        "ore": 2.5,
        "iron": 4.0,
        "coal": 2.0,
        "stone": 1.5
      }
    },
    "joinedPlayers": {
      "value": [
        "48f49571-ab3d-4748-bcd9-1f6dff1a5976"
      ],
      "comment": "Listing of players that have joined this world.  Players will be given the manual on their first join."
    }
  },
  "damage": {
    "explosions": {
      "value": true,
      "comment": "Whether or not vehicles explode when crashed or shot down."
    },
    "wheelBreakage": {
      "value": true,
      "comment": "Whether or not wheels can be broken (go flat)."
    },
    "wheelDamageIgnoreVelocity": {
      "value": false,
      "comment": "Whether or not velocity is ignored when calculating wheel damage."
    },
    "allowExternalDamage": {
      "value": false,
      "comment": "Whether or not non-IV things can damage vehicles.  This is normally false, as external damage is a hassle for most people, but can be true if you want other mod's guns to be able to attack vehicles in addition to IV's."
    },
    "propellerDamageFactor": {
      "value": 1.0,
      "comment": "Factor for damage caused by a propeller."
    },
    "jetDamageFactor": {
      "value": 1.0,
      "comment": "Factor for damage caused by a jet engine."
    },
    "wheelDamageFactor": {
      "value": 1.0,
      "comment": "Factor for damage caused by wheels on vehicles."
    },
    "crashDamageFactor": {
      "value": 1.0,
      "comment": "Factor for damage caused by crashes."
    },
    "bulletDamageFactor": {
      "value": 1.0,
      "comment": "Factor for damage caused by bullets on vehicles."
    },
    "engineLeakProbability": {
      "value": 0.01,
      "comment": "Chance an engine will spring a leak if hit.  Explosions cause 10x this chance."
    },
    "wheelDamageMinimumVelocity": {
      "value": 0.2,
      "comment": "Minimum velocity (blocks/second) which vehicles must be going to damage entities with their wheels."
    }
  },
  "fuel": {
    "comment1": "The following section is used for fuel configs for engines.  Each entry here is a single fuel type for engines.",
    "comment2": "Inside each entry exist values for the potency of the fluids that can be considered to be that fuel type.",
    "comment3": "You can make engines take different types of fluids for their fuels by editing these values.  See the in-game handbook for more information.",
    "comment4": "If you are having troubles getting the name for a particular fluid, run the game with the mods you want and check the 'lastLoadedFluids' list.  This contains all the fluids that were present during the last run of the game.",
    "comment5": "The first entry in the list is the registered fluid name, while the second entry will be the displayed name.  Only use the first name, as the second name changes based on game language settings.",
    "fuels": {
      "diesel": {
        "creosote": 0.7,
        "diesel": 1.0,
        "lava": 1.0,
        "oil": 0.5,
        "biodiesel": 0.8
      },
      "furnace": {
        "lava": 1.0
      },
      "avgas": {
        "lava": 1.0,
        "gasoline": 1.0
      },
      "gasoline": {
        "lava": 1.0,
        "gasoline": 1.0,
        "ethanol": 0.85
      },
      "electricity": {
        "lava": 1.0
      }
    },
    "lastLoadedFluids": {
      "seed_oil": "Seed Oil",
      "petrotheum": "Tectonic Petrotheum",
      "distwater": "Distilled Water",
      "liquidhydrogenchloride": "Liquid Hydrogen Chloride",
      "potion_splash": "Splash Potion",
      "ichor": "Ichor",
      "ammonia": "Ammonia",
      "brine": "Brine",
      "ender": "Resonant Ender",
      "manyullyn": "Molten Manyullyn",
      "hydrogen": "Hydrogen",
      "refined_fuel": "Refined Fuel",
      "glowstone": "Energized Glowstone",
      "liquid_nitrogen": "Liquid Nitrogen",
      "etching_acid": "Etching Acid",
      "rocketfuel": "Rocket Fuel",
      "purpleslime": "Liquid Purple Slime",
      "tree_oil": "Tree Oil",
      "liquidhydrogen": "Liquid Hydrogen",
      "invar": "Molten Invar",
      "supremium": "Molten Supremium",
      "deadblood": "fluid.deadblood",
      "zinc": "Molten Zinc",
      "biodiesel": "Biodiesel",
      "yellorium": "Fluid Yellorium",
      "liquidsulfurdioxide": "Liquid Sulfur Dioxide",
      "creeper_acid": "Creeper Acid",
      "liquidoxygen": "Liquid Oxygen",
      "napalm": "Napalm",
      "superium": "Molten Superium",
      "milk": "Milk",
      "intermedium": "Molten Intermedium",
      "hydrofluoric_acid": "Hydrofluoric Acid",
      "crude_oil": "Crude Oil",
      "chocolate_liquor": "Chocolate Liquor",
      "bronze": "Molten Bronze",
      "liquidsodium": "Liquid Sodium",
      "highpressuresteam": "High Pressure Steam",
      "silver": "Molten Silver",
      "liquidlithium": "Liquid Lithium",
      "redstone": "Destabilized Redstone",
      "carbon_monoxide": "Carbon Monoxide",
      "liquidchlorine": "Liquid Chlorine",
      "aerotheum": "Zephyrean Aerotheum",
      "steel": "Molten Steel",
      "xu_demonic_metal": "Molten Demon Metal",
      "diesel": "Diesel",
      "crystal": "Crystallized Obsidian",
      "hot_spring_water": "Hot Spring Water",
      "moltensalt": "Molten Salt",
      "cobalt": "Molten Cobalt",
      "aluminum": "Molten Aluminum",
      "fuelcolumn": "fluid.fuelcolumn",
      "ethanol": "Ethanol",
      "refined_oil": "Naphtha",
      "clay": "Molten Clay",
      "gold": "Molten Gold",
      "prudentium": "Molten Prudentium",
      "methanol": "Methanol",
      "copper": "Molten Copper",
      "xu_enchanted_metal": "Enchanted Metal",
      "nitric_acid": "Nitric Acid",
      "superheatedmoltensodium": "Superheated Molten Sodium",
      "potion_lingering": "Lingering Potion",
      "blaze_juice": "Blaze Juice",
      "electrum": "Molten Electrum",
      "pyrotheum": "Blazing Pyrotheum",
      "biomass": "Biomass",
      "poison": "Poison",
      "formic_acid": "Formic Acid",
      "amber": "Amber",
      "biocrude": "Biocrude",
      "constantan": "Molten Constantan",
      "blood": "Blood",
      "lead": "Molten Lead",
      "fuelium": "Fuelium",
      "alubrass": "Molten Aluminum Brass",
      "mana": "Primal Mana",
      "liquidethene": "Liquid Ethylene",
      "refined_biofuel": "Grassoline",
      "xpjuice": "Experience",
      "exhauststeam": "Exhaust Steam",
      "knightslime": "Molten Knightslime",
      "experience": "Essence of Knowledge",
      "dark_chocolate": "Dark Chocolate",
      "latex": "Latex",
      "enrichedlava": "Enriched Lava",
      "platinum": "Molten Platinum",
      "ink_cyan": "Cyan Ink",
      "pigiron": "Molten Pigiron",
      "ender_sap": "Ender Sap",
      "soulium": "Molten Soulium",
      "tin": "Molten Tin",
      "cyanite": "Fluid Cyanite",
      "ardite": "Molten Ardite",
      "oxygen": "Oxygen",
      "obsidian": "Molten Obsidian",
      "glass": "Molten Glass",
      "cryotheum": "Gelid Cryotheum",
      "inferium": "Molten Inferium",
      "dirt": "Liquid Dirt",
      "brass": "Molten Brass",
      "water": "Water",
      "base_essence": "Molten Base Essence",
      "sand": "Quicksand",
      "resin": "Resin",
      "mushroom_stew": "Mushroom Stew",
      "sulfuric_acid": "Sulfuric Acid",
      "carbon_dioxide": "Carbon Dioxide",
      "coal": "Liquifacted Coal",
      "liquidtritium": "Liquid Tritium",
      "uranium": "Molten Uranium",
      "liquidfusionfuel": "Liquid D-T Fuel",
      "ink_yellow": "Yellow Ink",
      "ink_magenta": "Magenta Ink",
      "emerald": "Molten Emerald",
      "sulfuricacid": "Sulfuric Acid",
      "concrete": "Liquid Concrete",
      "gasoline": "Gasoline",
      "heavywater": "Heavy Water",
      "iridium": "Molten Iridium",
      "lava": "Lava",
      "lumium": "Molten Lumium",
      "oil": "Crude Oil",
      "signalum": "Molten Signalum",
      "enderium": "Molten Enderium",
      "liquiddeuterium": "Liquid Deuterium",
      "honey": "Honey",
      "xu_evil_metal": "Evil Infused Iron",
      "steam": "Steam",
      "moltensodium": "Molten Sodium",
      "creosote": "Creosote Oil",
      "nickel": "Molten Nickel",
      "murky_water": "Murky Water",
      "milk_chocolate": "Milk Chocolate",
      "potion": "Potion",
      "sap": "Sap",
      "fluegas": "Flue Gas",
      "blueslime": "Liquid Blue Slime",
      "nitrogen": "Nitrogen",
      "ink": "Ink",
      "plantoil": "Plant Oil",
      "syrup": "Syrup",
      "liquidsulfurtrioxide": "Liquid Sulfur Trioxide",
      "mustard_gas": "Mustard Gas",
      "chlorine": "Chlorine",
      "stone": "Seared Stone",
      "iron": "Molten Iron",
      "lubricant": "Lubricant"
    }
  }
}