<?xml version="1.0" encoding="UTF-8" standalone="no"?>
<galaxy>
    <star blackHole="false" name="Sol" numGasGiants="0" numPlanets="0" size="1.0" temp="100" x="0" y="0">
        <planet DIMID="0" dimMapping="" name="Earth">
            <isKnown>true</isKnown>
            <fogColor>1.0,1.0,1.0</fogColor>
            <skyColor>1.0,1.0,1.0</skyColor>
            <gravitationalMultiplier>100</gravitationalMultiplier>
            <orbitalDistance>100</orbitalDistance>
            <orbitalTheta>0</orbitalTheta>
            <orbitalPhi>0</orbitalPhi>
            <retrograde>false</retrograde>
            <avgTemperature>287</avgTemperature>
            <rotationalPeriod>24000</rotationalPeriod>
            <atmosphereDensity>100</atmosphereDensity>
            <generateCraters>false</generateCraters>
            <generateCaves>false</generateCaves>
            <generateVolcanos>false</generateVolcanos>
            <generateStructures>false</generateStructures>
            <generateGeodes>false</generateGeodes>
            <planet DIMID="3" name="Luna">
                <isKnown>false</isKnown>
                <fogColor>1.0,1.0,1.0</fogColor>
                <skyColor>1.0,1.0,1.0</skyColor>
                <gravitationalMultiplier>16</gravitationalMultiplier>
                <orbitalDistance>150</orbitalDistance>
                <orbitalTheta>0</orbitalTheta>
                <orbitalPhi>0</orbitalPhi>
                <retrograde>false</retrograde>
                <avgTemperature>255</avgTemperature>
                <rotationalPeriod>128000</rotationalPeriod>
                <atmosphereDensity>0</atmosphereDensity>
                <generateCraters>true</generateCraters>
                <generateCaves>false</generateCaves>
                <generateVolcanos>false</generateVolcanos>
                <generateStructures>false</generateStructures>
                <generateGeodes>false</generateGeodes>
                <biomeIds>advancedrocketry:moon;30,advancedrocketry:moondark;30</biomeIds>
            </planet>
        </planet>
        <planet DIMID="17" name="Sol 17">
            <isKnown>false</isKnown>
            <fogColor>1.0,1.0,1.0</fogColor>
            <skyColor>0.8,0.7187916,0.80352855</skyColor>
            <gravitationalMultiplier>130</gravitationalMultiplier>
            <orbitalDistance>159</orbitalDistance>
            <orbitalTheta>142</orbitalTheta>
            <orbitalPhi>200</orbitalPhi>
            <retrograde>false</retrograde>
            <avgTemperature>247</avgTemperature>
            <rotationalPeriod>10923</rotationalPeriod>
            <atmosphereDensity>138</atmosphereDensity>
            <generateCraters>false</generateCraters>
            <generateCaves>false</generateCaves>
            <generateVolcanos>false</generateVolcanos>
            <generateStructures>false</generateStructures>
            <generateGeodes>true</generateGeodes>
            <biomeIds>minecraft:mesa_clear_rock;30,biomesoplenty:marsh;30,biomesoplenty:wetland;30,minecraft:mutated_redwood_taiga;30,biomesoplenty:quagmire;30</biomeIds>
            <planet DIMID="18" name="Sol 17: 0">
                <isKnown>false</isKnown>
                <fogColor>1.0,1.0,1.0</fogColor>
                <skyColor>0.8,0.9488738,0.90370953</skyColor>
                <gravitationalMultiplier>41</gravitationalMultiplier>
                <orbitalDistance>134</orbitalDistance>
                <orbitalTheta>280</orbitalTheta>
                <orbitalPhi>-101</orbitalPhi>
                <retrograde>false</retrograde>
                <avgTemperature>221</avgTemperature>
                <rotationalPeriod>348224</rotationalPeriod>
                <atmosphereDensity>17</atmosphereDensity>
                <generateCraters>true</generateCraters>
                <generateCaves>false</generateCaves>
                <generateVolcanos>false</generateVolcanos>
                <generateStructures>false</generateStructures>
                <generateGeodes>false</generateGeodes>
                <biomeIds>advancedrocketry:moon;30,advancedrocketry:moondark;30</biomeIds>
            </planet>
            <planet DIMID="19" name="Sol 17: 1">
                <isKnown>false</isKnown>
                <fogColor>1.0,1.0,1.0</fogColor>
                <skyColor>0.8,0.900138,0.86478966</skyColor>
                <gravitationalMultiplier>48</gravitationalMultiplier>
                <orbitalDistance>112</orbitalDistance>
                <orbitalTheta>21</orbitalTheta>
                <orbitalPhi>-360</orbitalPhi>
                <retrograde>false</retrograde>
                <avgTemperature>241</avgTemperature>
                <rotationalPeriod>217013</rotationalPeriod>
                <atmosphereDensity>20</atmosphereDensity>
                <generateCraters>true</generateCraters>
                <generateCaves>false</generateCaves>
                <generateVolcanos>false</generateVolcanos>
                <generateStructures>false</generateStructures>
                <generateGeodes>false</generateGeodes>
                <biomeIds>advancedrocketry:moon;30,advancedrocketry:moondark;30</biomeIds>
            </planet>
            <planet DIMID="20" name="Sol 17: 2">
                <isKnown>false</isKnown>
                <fogColor>1.0,1.0,1.0</fogColor>
                <skyColor>0.8,0.6707922,0.9796364</skyColor>
                <gravitationalMultiplier>50</gravitationalMultiplier>
                <orbitalDistance>167</orbitalDistance>
                <orbitalTheta>89</orbitalTheta>
                <orbitalPhi>47</orbitalPhi>
                <retrograde>false</retrograde>
                <avgTemperature>197</avgTemperature>
                <rotationalPeriod>192000</rotationalPeriod>
                <atmosphereDensity>14</atmosphereDensity>
                <generateCraters>true</generateCraters>
                <generateCaves>false</generateCaves>
                <generateVolcanos>false</generateVolcanos>
                <generateStructures>false</generateStructures>
                <generateGeodes>false</generateGeodes>
                <biomeIds>advancedrocketry:moon;30,advancedrocketry:moondark;30</biomeIds>
            </planet>
        </planet>
        <planet DIMID="4" name="Sol 4">
            <isKnown>false</isKnown>
            <GasGiant>true</GasGiant>
            <gas>ammonia</gas>
            <gas>nitrogen</gas>
            <gas>oxygen</gas>
            <fogColor>1.0,1.0,1.0</fogColor>
            <skyColor>1.0,1.0,1.0</skyColor>
            <gravitationalMultiplier>109</gravitationalMultiplier>
            <orbitalDistance>269</orbitalDistance>
            <orbitalTheta>0</orbitalTheta>
            <orbitalPhi>0</orbitalPhi>
            <retrograde>false</retrograde>
            <avgTemperature>177</avgTemperature>
            <rotationalPeriod>24000</rotationalPeriod>
            <atmosphereDensity>104</atmosphereDensity>
            <generateCraters>false</generateCraters>
            <generateCaves>false</generateCaves>
            <generateVolcanos>false</generateVolcanos>
            <generateStructures>false</generateStructures>
            <generateGeodes>false</generateGeodes>
        </planet>
        <planet DIMID="5" name="Sol 5">
            <isKnown>false</isKnown>
            <fogColor>1.0,1.0,1.0</fogColor>
            <skyColor>0.8,0.6075252,0.0</skyColor>
            <gravitationalMultiplier>130</gravitationalMultiplier>
            <orbitalDistance>24</orbitalDistance>
            <orbitalTheta>324</orbitalTheta>
            <orbitalPhi>-207</orbitalPhi>
            <retrograde>false</retrograde>
            <avgTemperature>685</avgTemperature>
            <rotationalPeriod>10923</rotationalPeriod>
            <atmosphereDensity>185</atmosphereDensity>
            <generateCraters>false</generateCraters>
            <generateCaves>false</generateCaves>
            <generateVolcanos>true</generateVolcanos>
            <generateStructures>false</generateStructures>
            <generateGeodes>true</generateGeodes>
            <biomeIds>biomesoplenty:phantasmagoric_inferno;30,minecraft:savanna;30,minecraft:mutated_mesa_rock;30,biomesoplenty:coral_reef;30,biomesoplenty:xeric_shrubland;30</biomeIds>
            <planet DIMID="6" name="Sol 5: 0">
                <isKnown>false</isKnown>
                <fogColor>1.0,1.0,1.0</fogColor>
                <skyColor>0.8,0.7473676,0.9387569</skyColor>
                <gravitationalMultiplier>58</gravitationalMultiplier>
                <orbitalDistance>134</orbitalDistance>
                <orbitalTheta>54</orbitalTheta>
                <orbitalPhi>53</orbitalPhi>
                <retrograde>false</retrograde>
                <avgTemperature>221</avgTemperature>
                <rotationalPeriod>116857</rotationalPeriod>
                <atmosphereDensity>20</atmosphereDensity>
                <generateCraters>true</generateCraters>
                <generateCaves>false</generateCaves>
                <generateVolcanos>false</generateVolcanos>
                <generateStructures>false</generateStructures>
                <generateGeodes>false</generateGeodes>
                <biomeIds>advancedrocketry:moon;30,advancedrocketry:moondark;30</biomeIds>
            </planet>
            <oceanBlock>minecraft:lava</oceanBlock>
        </planet>
        <planet DIMID="21" name="Sol 21">
            <isKnown>false</isKnown>
            <fogColor>1.0,1.0,1.0</fogColor>
            <skyColor>0.8,0.90829146,0.73059607</skyColor>
            <gravitationalMultiplier>130</gravitationalMultiplier>
            <orbitalDistance>119</orbitalDistance>
            <orbitalTheta>191</orbitalTheta>
            <orbitalPhi>-190</orbitalPhi>
            <retrograde>false</retrograde>
            <avgTemperature>272</avgTemperature>
            <rotationalPeriod>10923</rotationalPeriod>
            <atmosphereDensity>113</atmosphereDensity>
            <generateCraters>false</generateCraters>
            <generateCaves>false</generateCaves>
            <generateVolcanos>false</generateVolcanos>
            <generateStructures>true</generateStructures>
            <generateGeodes>false</generateGeodes>
            <biomeIds>advancedrocketry:crystalchasms;30</biomeIds>
            <planet DIMID="22" name="Sol 21: 0">
                <isKnown>false</isKnown>
                <fogColor>1.0,1.0,1.0</fogColor>
                <skyColor>0.8,0.7982366,0.874456</skyColor>
                <gravitationalMultiplier>62</gravitationalMultiplier>
                <orbitalDistance>132</orbitalDistance>
                <orbitalTheta>50</orbitalTheta>
                <orbitalPhi>-94</orbitalPhi>
                <retrograde>false</retrograde>
                <avgTemperature>222</avgTemperature>
                <rotationalPeriod>100701</rotationalPeriod>
                <atmosphereDensity>27</atmosphereDensity>
                <generateCraters>true</generateCraters>
                <generateCaves>false</generateCaves>
                <generateVolcanos>false</generateVolcanos>
                <generateStructures>false</generateStructures>
                <generateGeodes>false</generateGeodes>
                <biomeIds>advancedrocketry:crystalchasms;30</biomeIds>
            </planet>
        </planet>
        <planet DIMID="7" name="Sol 7">
            <isKnown>false</isKnown>
            <fogColor>1.0,1.0,1.0</fogColor>
            <skyColor>0.8,0.6755772,0.8584206</skyColor>
            <gravitationalMultiplier>98</gravitationalMultiplier>
            <orbitalDistance>162</orbitalDistance>
            <orbitalTheta>185</orbitalTheta>
            <orbitalPhi>-80</orbitalPhi>
            <retrograde>false</retrograde>
            <avgTemperature>248</avgTemperature>
            <rotationalPeriod>25113</rotationalPeriod>
            <atmosphereDensity>146</atmosphereDensity>
            <generateCraters>false</generateCraters>
            <generateCaves>false</generateCaves>
            <generateVolcanos>false</generateVolcanos>
            <generateStructures>false</generateStructures>
            <generateGeodes>true</generateGeodes>
            <biomeIds>minecraft:mutated_mesa_clear_rock;30,biomesoplenty:woodland;30,biomesoplenty:temperate_rainforest;30,biomesoplenty:mountain;30,minecraft:mutated_mesa_rock;30</biomeIds>
        </planet>
        <planet DIMID="23" name="Sol 23">
            <isKnown>false</isKnown>
            <fogColor>1.0,1.0,1.0</fogColor>
            <skyColor>0.8,0.90654427,0.44344193</skyColor>
            <gravitationalMultiplier>130</gravitationalMultiplier>
            <orbitalDistance>49</orbitalDistance>
            <orbitalTheta>315</orbitalTheta>
            <orbitalPhi>153</orbitalPhi>
            <retrograde>false</retrograde>
            <avgTemperature>365</avgTemperature>
            <rotationalPeriod>10923</rotationalPeriod>
            <atmosphereDensity>36</atmosphereDensity>
            <generateCraters>true</generateCraters>
            <generateCaves>false</generateCaves>
            <generateVolcanos>false</generateVolcanos>
            <generateStructures>false</generateStructures>
            <generateGeodes>false</generateGeodes>
            <biomeIds>biomesoplenty:origin_island;30,minecraft:mutated_savanna_rock;30,minecraft:mutated_redwood_taiga;30,biomesoplenty:outback;30,minecraft:mutated_desert;30</biomeIds>
            <planet DIMID="24" name="Sol 23: 0">
                <isKnown>false</isKnown>
                <fogColor>1.0,1.0,1.0</fogColor>
                <skyColor>0.8,0.8324541,1.0</skyColor>
                <gravitationalMultiplier>49</gravitationalMultiplier>
                <orbitalDistance>185</orbitalDistance>
                <orbitalTheta>164</orbitalTheta>
                <orbitalPhi>-173</orbitalPhi>
                <retrograde>false</retrograde>
                <avgTemperature>188</avgTemperature>
                <rotationalPeriod>203996</rotationalPeriod>
                <atmosphereDensity>22</atmosphereDensity>
                <generateCraters>true</generateCraters>
                <generateCaves>false</generateCaves>
                <generateVolcanos>false</generateVolcanos>
                <generateStructures>false</generateStructures>
                <generateGeodes>false</generateGeodes>
                <biomeIds>advancedrocketry:moon;30,advancedrocketry:moondark;30</biomeIds>
            </planet>
            <planet DIMID="25" name="Sol 23: 1">
                <isKnown>false</isKnown>
                <fogColor>1.0,1.0,1.0</fogColor>
                <skyColor>0.8,0.53722036,1.0</skyColor>
                <gravitationalMultiplier>80</gravitationalMultiplier>
                <orbitalDistance>186</orbitalDistance>
                <orbitalTheta>162</orbitalTheta>
                <orbitalPhi>-153</orbitalPhi>
                <retrograde>false</retrograde>
                <avgTemperature>187</avgTemperature>
                <rotationalPeriod>46875</rotationalPeriod>
                <atmosphereDensity>33</atmosphereDensity>
                <generateCraters>true</generateCraters>
                <generateCaves>false</generateCaves>
                <generateVolcanos>false</generateVolcanos>
                <generateStructures>false</generateStructures>
                <generateGeodes>false</generateGeodes>
                <biomeIds>minecraft:mutated_savanna_rock;30,minecraft:savanna;30,biomesoplenty:mangrove;30,minecraft:mutated_mesa_rock;30,srparasites:biome_parasite;0</biomeIds>
            </planet>
            <planet DIMID="26" name="Sol 23: 2">
                <isKnown>false</isKnown>
                <fogColor>1.0,1.0,1.0</fogColor>
                <skyColor>0.8,0.78266203,0.7618341</skyColor>
                <gravitationalMultiplier>62</gravitationalMultiplier>
                <orbitalDistance>101</orbitalDistance>
                <orbitalTheta>174</orbitalTheta>
                <orbitalPhi>-124</orbitalPhi>
                <retrograde>false</retrograde>
                <avgTemperature>254</avgTemperature>
                <rotationalPeriod>100701</rotationalPeriod>
                <atmosphereDensity>19</atmosphereDensity>
                <generateCraters>true</generateCraters>
                <generateCaves>false</generateCaves>
                <generateVolcanos>false</generateVolcanos>
                <generateStructures>false</generateStructures>
                <generateGeodes>false</generateGeodes>
                <biomeIds>advancedrocketry:moon;30,advancedrocketry:moondark;30</biomeIds>
            </planet>
        </planet>
        <planet DIMID="8" name="Sol 8">
            <isKnown>false</isKnown>
            <fogColor>1.0,1.0,1.0</fogColor>
            <skyColor>0.8,0.927637,0.90163994</skyColor>
            <gravitationalMultiplier>88</gravitationalMultiplier>
            <orbitalDistance>137</orbitalDistance>
            <orbitalTheta>119</orbitalTheta>
            <orbitalPhi>-176</orbitalPhi>
            <retrograde>false</retrograde>
            <avgTemperature>229</avgTemperature>
            <rotationalPeriod>34624</rotationalPeriod>
            <atmosphereDensity>76</atmosphereDensity>
            <generateCraters>false</generateCraters>
            <generateCaves>false</generateCaves>
            <generateVolcanos>false</generateVolcanos>
            <generateStructures>false</generateStructures>
            <generateGeodes>false</generateGeodes>
            <biomeIds>biomesoplenty:mystic_grove;30,minecraft:mutated_birch_forest_hills;30,biomesoplenty:orchard;30,biomesoplenty:fungi_forest;30,biomesoplenty:lavender_fields;30</biomeIds>
        </planet>
        <planet DIMID="9" name="Sol 9">
            <isKnown>false</isKnown>
            <fogColor>1.0,1.0,1.0</fogColor>
            <skyColor>0.8,0.6734984,0.4830184</skyColor>
            <gravitationalMultiplier>130</gravitationalMultiplier>
            <orbitalDistance>95</orbitalDistance>
            <orbitalTheta>111</orbitalTheta>
            <orbitalPhi>401</orbitalPhi>
            <retrograde>false</retrograde>
            <avgTemperature>348</avgTemperature>
            <rotationalPeriod>10923</rotationalPeriod>
            <atmosphereDensity>194</atmosphereDensity>
            <generateCraters>false</generateCraters>
            <generateCaves>false</generateCaves>
            <generateVolcanos>false</generateVolcanos>
            <generateStructures>true</generateStructures>
            <generateGeodes>true</generateGeodes>
            <biomeIds>minecraft:desert_hills;30</biomeIds>
            <planet DIMID="10" name="Sol 9: 0">
                <isKnown>false</isKnown>
                <fogColor>1.0,1.0,1.0</fogColor>
                <skyColor>0.8,0.5150495,0.8231856</skyColor>
                <gravitationalMultiplier>75</gravitationalMultiplier>
                <orbitalDistance>119</orbitalDistance>
                <orbitalTheta>335</orbitalTheta>
                <orbitalPhi>-137</orbitalPhi>
                <retrograde>false</retrograde>
                <avgTemperature>234</avgTemperature>
                <rotationalPeriod>56888</rotationalPeriod>
                <atmosphereDensity>13</atmosphereDensity>
                <generateCraters>true</generateCraters>
                <generateCaves>false</generateCaves>
                <generateVolcanos>false</generateVolcanos>
                <generateStructures>false</generateStructures>
                <generateGeodes>false</generateGeodes>
                <biomeIds>advancedrocketry:moon;30,advancedrocketry:moondark;30</biomeIds>
            </planet>
            <planet DIMID="11" name="Sol 9: 1">
                <isKnown>false</isKnown>
                <fogColor>1.0,1.0,1.0</fogColor>
                <skyColor>0.8,0.9926281,0.85336244</skyColor>
                <gravitationalMultiplier>67</gravitationalMultiplier>
                <orbitalDistance>130</orbitalDistance>
                <orbitalTheta>10</orbitalTheta>
                <orbitalPhi>-203</orbitalPhi>
                <retrograde>false</retrograde>
                <avgTemperature>224</avgTemperature>
                <rotationalPeriod>79797</rotationalPeriod>
                <atmosphereDensity>22</atmosphereDensity>
                <generateCraters>true</generateCraters>
                <generateCaves>false</generateCaves>
                <generateVolcanos>false</generateVolcanos>
                <generateStructures>false</generateStructures>
                <generateGeodes>false</generateGeodes>
                <biomeIds>advancedrocketry:moon;30,advancedrocketry:moondark;30</biomeIds>
            </planet>
        </planet>
        <planet DIMID="12" name="Sol 12">
            <isKnown>false</isKnown>
            <fogColor>1.0,1.0,1.0</fogColor>
            <skyColor>0.8,0.6229846,0.0</skyColor>
            <gravitationalMultiplier>130</gravitationalMultiplier>
            <orbitalDistance>32</orbitalDistance>
            <orbitalTheta>21</orbitalTheta>
            <orbitalPhi>227</orbitalPhi>
            <retrograde>false</retrograde>
            <avgTemperature>558</avgTemperature>
            <rotationalPeriod>10923</rotationalPeriod>
            <atmosphereDensity>145</atmosphereDensity>
            <generateCraters>false</generateCraters>
            <generateCaves>false</generateCaves>
            <generateVolcanos>true</generateVolcanos>
            <generateStructures>false</generateStructures>
            <generateGeodes>true</generateGeodes>
            <biomeIds>biomesoplenty:visceral_heap;30,minecraft:mutated_jungle;30,minecraft:savanna_rock;30,advancedrocketry:marsh;30,minecraft:mutated_desert;30</biomeIds>
            <oceanBlock>minecraft:lava</oceanBlock>
        </planet>
        <planet DIMID="13" name="Sol 13">
            <isKnown>false</isKnown>
            <fogColor>1.0,1.0,1.0</fogColor>
            <skyColor>0.8,0.6349852,0.95540655</skyColor>
            <gravitationalMultiplier>130</gravitationalMultiplier>
            <orbitalDistance>162</orbitalDistance>
            <orbitalTheta>216</orbitalTheta>
            <orbitalPhi>-53</orbitalPhi>
            <retrograde>false</retrograde>
            <avgTemperature>201</avgTemperature>
            <rotationalPeriod>10923</rotationalPeriod>
            <atmosphereDensity>34</atmosphereDensity>
            <generateCraters>true</generateCraters>
            <generateCaves>false</generateCaves>
            <generateVolcanos>false</generateVolcanos>
            <generateStructures>false</generateStructures>
            <generateGeodes>false</generateGeodes>
            <biomeIds>minecraft:ice_flats;30</biomeIds>
            <planet DIMID="16" name="Sol 13: 2">
                <isKnown>false</isKnown>
                <fogColor>1.0,1.0,1.0</fogColor>
                <skyColor>0.8,0.71212673,0.97171336</skyColor>
                <gravitationalMultiplier>67</gravitationalMultiplier>
                <orbitalDistance>147</orbitalDistance>
                <orbitalTheta>217</orbitalTheta>
                <orbitalPhi>-381</orbitalPhi>
                <retrograde>false</retrograde>
                <avgTemperature>211</avgTemperature>
                <rotationalPeriod>79797</rotationalPeriod>
                <atmosphereDensity>15</atmosphereDensity>
                <generateCraters>true</generateCraters>
                <generateCaves>false</generateCaves>
                <generateVolcanos>false</generateVolcanos>
                <generateStructures>false</generateStructures>
                <generateGeodes>false</generateGeodes>
                <biomeIds>advancedrocketry:moon;30,advancedrocketry:moondark;30</biomeIds>
            </planet>
            <planet DIMID="14" name="Sol 13: 0">
                <isKnown>false</isKnown>
                <fogColor>1.0,1.0,1.0</fogColor>
                <skyColor>0.8,0.56484455,0.8654864</skyColor>
                <gravitationalMultiplier>64</gravitationalMultiplier>
                <orbitalDistance>125</orbitalDistance>
                <orbitalTheta>57</orbitalTheta>
                <orbitalPhi>-141</orbitalPhi>
                <retrograde>false</retrograde>
                <avgTemperature>228</avgTemperature>
                <rotationalPeriod>91552</rotationalPeriod>
                <atmosphereDensity>34</atmosphereDensity>
                <generateCraters>true</generateCraters>
                <generateCaves>false</generateCaves>
                <generateVolcanos>false</generateVolcanos>
                <generateStructures>false</generateStructures>
                <generateGeodes>false</generateGeodes>
                <seaLevel>62</seaLevel>
                <biomeIds>advancedrocketry:crystalchasms;30</biomeIds>
            </planet>
            <planet DIMID="15" name="Sol 13: 1">
                <isKnown>false</isKnown>
                <fogColor>1.0,1.0,1.0</fogColor>
                <skyColor>0.8,0.8363774,0.86816245</skyColor>
                <gravitationalMultiplier>82</gravitationalMultiplier>
                <orbitalDistance>126</orbitalDistance>
                <orbitalTheta>64</orbitalTheta>
                <orbitalPhi>-83</orbitalPhi>
                <retrograde>false</retrograde>
                <avgTemperature>227</avgTemperature>
                <rotationalPeriod>43528</rotationalPeriod>
                <atmosphereDensity>16</atmosphereDensity>
                <generateCraters>true</generateCraters>
                <generateCaves>false</generateCaves>
                <generateVolcanos>false</generateVolcanos>
                <generateStructures>false</generateStructures>
                <generateGeodes>false</generateGeodes>
                <biomeIds>advancedrocketry:moon;30,advancedrocketry:moondark;30</biomeIds>
            </planet>
        </planet>
    </star>
    <star blackHole="false" name="Wolf 12" numGasGiants="0" numPlanets="0" size="1.0" temp="10" x="300" y="-200">
        <planet DIMID="33" name="Wolf 12 33">
            <isKnown>false</isKnown>
            <fogColor>1.0,1.0,1.0</fogColor>
            <skyColor>0.35430723,0.5446261,1.0</skyColor>
            <gravitationalMultiplier>96</gravitationalMultiplier>
            <orbitalDistance>161</orbitalDistance>
            <orbitalTheta>77</orbitalTheta>
            <orbitalPhi>-97</orbitalPhi>
            <retrograde>false</retrograde>
            <avgTemperature>27</avgTemperature>
            <rotationalPeriod>26707</rotationalPeriod>
            <atmosphereDensity>213</atmosphereDensity>
            <generateCraters>false</generateCraters>
            <generateCaves>false</generateCaves>
            <generateVolcanos>false</generateVolcanos>
            <generateStructures>false</generateStructures>
            <generateGeodes>true</generateGeodes>
            <seaLevel>70</seaLevel>
            <biomeIds>minecraft:mutated_jungle_edge;30,biomesoplenty:volcanic_island;30,jeid:error_biome;30,minecraft:roofed_forest;10,minecraft:savanna_rock;30</biomeIds>
        </planet>
        <planet DIMID="34" name="Wolf 12 34">
            <isKnown>false</isKnown>
            <fogColor>1.0,1.0,1.0</fogColor>
            <skyColor>0.4303128,0.7695652,1.0</skyColor>
            <gravitationalMultiplier>93</gravitationalMultiplier>
            <orbitalDistance>38</orbitalDistance>
            <orbitalTheta>309</orbitalTheta>
            <orbitalPhi>-144</orbitalPhi>
            <retrograde>false</retrograde>
            <avgTemperature>51</avgTemperature>
            <rotationalPeriod>29361</rotationalPeriod>
            <atmosphereDensity>146</atmosphereDensity>
            <generateCraters>false</generateCraters>
            <generateCaves>false</generateCaves>
            <generateVolcanos>false</generateVolcanos>
            <generateStructures>false</generateStructures>
            <generateGeodes>true</generateGeodes>
            <biomeIds>immersiveintelligence:wasteland;30,biomesoplenty:wasteland;30,dimdoors:dangerous_black_void;30,biomesoplenty:kelp_forest;30,biomesoplenty:mountain;30</biomeIds>
        </planet>
        <planet DIMID="27" name="Wolf 12 27">
            <isKnown>false</isKnown>
            <fogColor>1.0,1.0,1.0</fogColor>
            <skyColor>0.4298327,0.9515561,1.0</skyColor>
            <gravitationalMultiplier>130</gravitationalMultiplier>
            <orbitalDistance>74</orbitalDistance>
            <orbitalTheta>139</orbitalTheta>
            <orbitalPhi>-276</orbitalPhi>
            <retrograde>false</retrograde>
            <avgTemperature>39</avgTemperature>
            <rotationalPeriod>10923</rotationalPeriod>
            <atmosphereDensity>196</atmosphereDensity>
            <generateCraters>false</generateCraters>
            <generateCaves>false</generateCaves>
            <generateVolcanos>false</generateVolcanos>
            <generateStructures>false</generateStructures>
            <generateGeodes>true</generateGeodes>
            <biomeIds>biomesoplenty:redwood_forest;30,biomesoplenty:origin_island;30,minecraft:mesa_rock;30,minecraft:mutated_birch_forest;30,netherex:torrid_wasteland;30</biomeIds>
        </planet>
        <planet DIMID="28" name="Wolf 12 28">
            <isKnown>false</isKnown>
            <fogColor>1.0,1.0,1.0</fogColor>
            <skyColor>0.32681876,0.9699946,1.0</skyColor>
            <gravitationalMultiplier>92</gravitationalMultiplier>
            <orbitalDistance>149</orbitalDistance>
            <orbitalTheta>205</orbitalTheta>
            <orbitalPhi>-375</orbitalPhi>
            <retrograde>false</retrograde>
            <avgTemperature>20</avgTemperature>
            <rotationalPeriod>30323</rotationalPeriod>
            <atmosphereDensity>59</atmosphereDensity>
            <generateCraters>true</generateCraters>
            <generateCaves>false</generateCaves>
            <generateVolcanos>false</generateVolcanos>
            <generateStructures>false</generateStructures>
            <generateGeodes>false</generateGeodes>
            <seaLevel>73</seaLevel>
            <biomeIds>biomesoplenty:grove;30,advancedrocketry:marsh;30,biomesoplenty:orchard;30,biomesoplenty:flower_field;30,biomesoplenty:shrubland;30</biomeIds>
        </planet>
        <planet DIMID="29" name="Wolf 12 29">
            <isKnown>false</isKnown>
            <fogColor>1.0,1.0,1.0</fogColor>
            <skyColor>0.29872066,0.534936,1.0</skyColor>
            <gravitationalMultiplier>130</gravitationalMultiplier>
            <orbitalDistance>180</orbitalDistance>
            <orbitalTheta>262</orbitalTheta>
            <orbitalPhi>-436</orbitalPhi>
            <retrograde>false</retrograde>
            <avgTemperature>19</avgTemperature>
            <rotationalPeriod>10923</rotationalPeriod>
            <atmosphereDensity>71</atmosphereDensity>
            <generateCraters>true</generateCraters>
            <generateCaves>false</generateCaves>
            <generateVolcanos>false</generateVolcanos>
            <generateStructures>false</generateStructures>
            <generateGeodes>false</generateGeodes>
            <biomeIds>biomesoplenty:lush_desert;30,biomesoplenty:flower_field;30,advancedrocketry:marsh;30,minecraft:extreme_hills_with_trees;30,dimdoors:white_void;30</biomeIds>
            <planet DIMID="32" name="Wolf 12 29: 2">
                <isKnown>false</isKnown>
                <fogColor>1.0,1.0,1.0</fogColor>
                <skyColor>0.28205466,0.9967115,1.0</skyColor>
                <gravitationalMultiplier>63</gravitationalMultiplier>
                <orbitalDistance>155</orbitalDistance>
                <orbitalTheta>43</orbitalTheta>
                <orbitalPhi>60</orbitalPhi>
                <retrograde>false</retrograde>
                <avgTemperature>20</avgTemperature>
                <rotationalPeriod>95981</rotationalPeriod>
                <atmosphereDensity>16</atmosphereDensity>
                <generateCraters>true</generateCraters>
                <generateCaves>false</generateCaves>
                <generateVolcanos>false</generateVolcanos>
                <generateStructures>false</generateStructures>
                <generateGeodes>false</generateGeodes>
                <biomeIds>advancedrocketry:moon;30,advancedrocketry:moondark;30</biomeIds>
            </planet>
            <planet DIMID="30" name="Wolf 12 29: 0">
                <isKnown>false</isKnown>
                <fogColor>1.0,1.0,1.0</fogColor>
                <skyColor>0.34136003,0.9963726,1.0</skyColor>
                <gravitationalMultiplier>61</gravitationalMultiplier>
                <orbitalDistance>111</orbitalDistance>
                <orbitalTheta>107</orbitalTheta>
                <orbitalPhi>191</orbitalPhi>
                <retrograde>false</retrograde>
                <avgTemperature>24</avgTemperature>
                <rotationalPeriod>105735</rotationalPeriod>
                <atmosphereDensity>37</atmosphereDensity>
                <generateCraters>true</generateCraters>
                <generateCaves>false</generateCaves>
                <generateVolcanos>false</generateVolcanos>
                <generateStructures>false</generateStructures>
                <generateGeodes>false</generateGeodes>
                <biomeIds>minecraft:mesa;30,minecraft:mutated_plains;30,biomesoplenty:redwood_forest;30,minecraft:mutated_mesa_clear_rock;30,biomesoplenty:wetland;30</biomeIds>
            </planet>
            <planet DIMID="31" name="Wolf 12 29: 1">
                <isKnown>false</isKnown>
                <fogColor>1.0,1.0,1.0</fogColor>
                <skyColor>0.3312856,0.77625245,1.0</skyColor>
                <gravitationalMultiplier>88</gravitationalMultiplier>
                <orbitalDistance>188</orbitalDistance>
                <orbitalTheta>29</orbitalTheta>
                <orbitalPhi>-30</orbitalPhi>
                <retrograde>false</retrograde>
                <avgTemperature>18</avgTemperature>
                <rotationalPeriod>35217</rotationalPeriod>
                <atmosphereDensity>17</atmosphereDensity>
                <generateCraters>true</generateCraters>
                <generateCaves>false</generateCaves>
                <generateVolcanos>false</generateVolcanos>
                <generateStructures>false</generateStructures>
                <generateGeodes>false</generateGeodes>
                <biomeIds>advancedrocketry:moon;30,advancedrocketry:moondark;30</biomeIds>
            </planet>
        </planet>
    </star>
    <star blackHole="false" name="Epsilon ire" numGasGiants="0" numPlanets="0" size="1.0" temp="170" x="-200" y="80">
        <planet DIMID="48" name="Epsilon ire 48">
            <isKnown>false</isKnown>
            <fogColor>1.0,1.0,1.0</fogColor>
            <skyColor>0.8,0.51384616,0.145172</skyColor>
            <gravitationalMultiplier>130</gravitationalMultiplier>
            <orbitalDistance>148</orbitalDistance>
            <orbitalTheta>249</orbitalTheta>
            <orbitalPhi>-17</orbitalPhi>
            <retrograde>false</retrograde>
            <avgTemperature>459</avgTemperature>
            <rotationalPeriod>10923</rotationalPeriod>
            <atmosphereDensity>170</atmosphereDensity>
            <generateCraters>false</generateCraters>
            <generateCaves>false</generateCaves>
            <generateVolcanos>true</generateVolcanos>
            <generateStructures>false</generateStructures>
            <generateGeodes>true</generateGeodes>
            <biomeIds>biomesoplenty:tropical_rainforest;30,biomesoplenty:visceral_heap;30,advancedrocketry:oceanspires;30,biomesoplenty:fungi_forest;30,biomesoplenty:coral_reef;30</biomeIds>
            <planet DIMID="49" name="Epsilon ire 48: 0">
                <isKnown>false</isKnown>
                <fogColor>1.0,1.0,1.0</fogColor>
                <skyColor>0.8,0.7619849,0.536761</skyColor>
                <gravitationalMultiplier>45</gravitationalMultiplier>
                <orbitalDistance>181</orbitalDistance>
                <orbitalTheta>72</orbitalTheta>
                <orbitalPhi>181</orbitalPhi>
                <retrograde>false</retrograde>
                <avgTemperature>323</avgTemperature>
                <rotationalPeriod>263374</rotationalPeriod>
                <atmosphereDensity>16</atmosphereDensity>
                <generateCraters>true</generateCraters>
                <generateCaves>false</generateCaves>
                <generateVolcanos>false</generateVolcanos>
                <generateStructures>false</generateStructures>
                <generateGeodes>false</generateGeodes>
                <biomeIds>advancedrocketry:moon;30,advancedrocketry:moondark;30</biomeIds>
            </planet>
            <planet DIMID="50" name="Epsilon ire 48: 1">
                <isKnown>false</isKnown>
                <fogColor>1.0,1.0,1.0</fogColor>
                <skyColor>0.8,0.51497763,0.36784136</skyColor>
                <gravitationalMultiplier>89</gravitationalMultiplier>
                <orbitalDistance>130</orbitalDistance>
                <orbitalTheta>307</orbitalTheta>
                <orbitalPhi>-243</orbitalPhi>
                <retrograde>false</retrograde>
                <avgTemperature>381</avgTemperature>
                <rotationalPeriod>34044</rotationalPeriod>
                <atmosphereDensity>26</atmosphereDensity>
                <generateCraters>true</generateCraters>
                <generateCaves>false</generateCaves>
                <generateVolcanos>false</generateVolcanos>
                <generateStructures>false</generateStructures>
                <generateGeodes>false</generateGeodes>
                <biomeIds>minecraft:mesa;30,biomesoplenty:prairie;30,biomesoplenty:redwood_forest;30,advancedrocketry:oceanspires;30,biomesoplenty:coral_reef;30</biomeIds>
            </planet>
            <oceanBlock>minecraft:lava</oceanBlock>
        </planet>
        <planet DIMID="35" name="Epsilon ire 35">
            <isKnown>false</isKnown>
            <fogColor>1.0,1.0,1.0</fogColor>
            <skyColor>0.8,0.61563796,0.0</skyColor>
            <gravitationalMultiplier>130</gravitationalMultiplier>
            <orbitalDistance>66</orbitalDistance>
            <orbitalTheta>354</orbitalTheta>
            <orbitalPhi>-438</orbitalPhi>
            <retrograde>false</retrograde>
            <avgTemperature>703</avgTemperature>
            <rotationalPeriod>10923</rotationalPeriod>
            <atmosphereDensity>186</atmosphereDensity>
            <generateCraters>false</generateCraters>
            <generateCaves>false</generateCaves>
            <generateVolcanos>true</generateVolcanos>
            <generateStructures>false</generateStructures>
            <generateGeodes>true</generateGeodes>
            <biomeIds>biomesoplenty:fungi_forest;30,biomesoplenty:brushland;30,advancedrocketry:marsh;30,minecraft:mutated_jungle;30,minecraft:mutated_mesa_clear_rock;30</biomeIds>
            <oceanBlock>minecraft:lava</oceanBlock>
        </planet>
        <planet DIMID="36" name="Epsilon ire 36">
            <isKnown>false</isKnown>
            <fogColor>1.0,1.0,1.0</fogColor>
            <skyColor>0.8,0.7307315,0.3324448</skyColor>
            <gravitationalMultiplier>130</gravitationalMultiplier>
            <orbitalDistance>114</orbitalDistance>
            <orbitalTheta>127</orbitalTheta>
            <orbitalPhi>-298</orbitalPhi>
            <retrograde>false</retrograde>
            <avgTemperature>407</avgTemperature>
            <rotationalPeriod>10923</rotationalPeriod>
            <atmosphereDensity>61</atmosphereDensity>
            <generateCraters>true</generateCraters>
            <generateCaves>false</generateCaves>
            <generateVolcanos>false</generateVolcanos>
            <generateStructures>false</generateStructures>
            <generateGeodes>false</generateGeodes>
            <biomeIds>minecraft:mushroom_island;30</biomeIds>
        </planet>
        <planet DIMID="37" name="Epsilon ire 37">
            <isKnown>false</isKnown>
            <fogColor>1.0,1.0,1.0</fogColor>
            <skyColor>0.8,0.7987002,0.5983279</skyColor>
            <gravitationalMultiplier>126</gravitationalMultiplier>
            <orbitalDistance>186</orbitalDistance>
            <orbitalTheta>199</orbitalTheta>
            <orbitalPhi>8</orbitalPhi>
            <retrograde>false</retrograde>
            <avgTemperature>318</avgTemperature>
            <rotationalPeriod>11856</rotationalPeriod>
            <atmosphereDensity>0</atmosphereDensity>
            <generateCraters>true</generateCraters>
            <generateCaves>false</generateCaves>
            <generateVolcanos>false</generateVolcanos>
            <generateStructures>false</generateStructures>
            <generateGeodes>false</generateGeodes>
            <biomeIds>advancedrocketry:moon;30,advancedrocketry:moondark;30</biomeIds>
        </planet>
        <planet DIMID="38" name="Epsilon ire 38">
            <isKnown>false</isKnown>
            <fogColor>1.0,1.0,1.0</fogColor>
            <skyColor>0.8,0.9936882,0.13316518</skyColor>
            <gravitationalMultiplier>121</gravitationalMultiplier>
            <orbitalDistance>154</orbitalDistance>
            <orbitalTheta>2</orbitalTheta>
            <orbitalPhi>-5</orbitalPhi>
            <retrograde>false</retrograde>
            <avgTemperature>444</avgTemperature>
            <rotationalPeriod>13380</rotationalPeriod>
            <atmosphereDensity>161</atmosphereDensity>
            <generateCraters>false</generateCraters>
            <generateCaves>false</generateCaves>
            <generateVolcanos>false</generateVolcanos>
            <generateStructures>true</generateStructures>
            <generateGeodes>true</generateGeodes>
            <biomeIds>mahoutsukai:realitymarble;0,minecraft:beaches;30,minecraft:mesa;30,biomesoplenty:grove;30,minecraft:mutated_mesa;30</biomeIds>
            <planet DIMID="39" name="Epsilon ire 38: 0">
                <isKnown>false</isKnown>
                <fogColor>1.0,1.0,1.0</fogColor>
                <skyColor>0.8,0.5958526,0.3396064</skyColor>
                <gravitationalMultiplier>46</gravitationalMultiplier>
                <orbitalDistance>127</orbitalDistance>
                <orbitalTheta>317</orbitalTheta>
                <orbitalPhi>-133</orbitalPhi>
                <retrograde>false</retrograde>
                <avgTemperature>385</avgTemperature>
                <rotationalPeriod>246568</rotationalPeriod>
                <atmosphereDensity>21</atmosphereDensity>
                <generateCraters>true</generateCraters>
                <generateCaves>false</generateCaves>
                <generateVolcanos>false</generateVolcanos>
                <generateStructures>false</generateStructures>
                <generateGeodes>false</generateGeodes>
                <biomeIds>advancedrocketry:moon;30,advancedrocketry:moondark;30</biomeIds>
            </planet>
            <planet DIMID="40" name="Epsilon ire 38: 1">
                <isKnown>false</isKnown>
                <fogColor>1.0,1.0,1.0</fogColor>
                <skyColor>0.8,0.9948596,0.53732085</skyColor>
                <gravitationalMultiplier>69</gravitationalMultiplier>
                <orbitalDistance>161</orbitalDistance>
                <orbitalTheta>40</orbitalTheta>
                <orbitalPhi>4</orbitalPhi>
                <retrograde>false</retrograde>
                <avgTemperature>342</avgTemperature>
                <rotationalPeriod>73057</rotationalPeriod>
                <atmosphereDensity>34</atmosphereDensity>
                <generateCraters>true</generateCraters>
                <generateCaves>false</generateCaves>
                <generateVolcanos>false</generateVolcanos>
                <generateStructures>false</generateStructures>
                <generateGeodes>false</generateGeodes>
                <biomeIds>biomesoplenty:redwood_forest_edge;30,minecraft:mutated_mesa_rock;30,biomesoplenty:sacred_springs;30,biomesoplenty:chaparral;30,biomesoplenty:woodland;30</biomeIds>
            </planet>
        </planet>
        <planet DIMID="41" name="Epsilon ire 41">
            <isKnown>false</isKnown>
            <fogColor>1.0,1.0,1.0</fogColor>
            <skyColor>0.8,0.5116208,0.0</skyColor>
            <gravitationalMultiplier>130</gravitationalMultiplier>
            <orbitalDistance>79</orbitalDistance>
            <orbitalTheta>143</orbitalTheta>
            <orbitalPhi>-170</orbitalPhi>
            <retrograde>false</retrograde>
            <avgTemperature>539</avgTemperature>
            <rotationalPeriod>10923</rotationalPeriod>
            <atmosphereDensity>92</atmosphereDensity>
            <generateCraters>false</generateCraters>
            <generateCaves>false</generateCaves>
            <generateVolcanos>true</generateVolcanos>
            <generateStructures>false</generateStructures>
            <generateGeodes>false</generateGeodes>
            <biomeIds>biomesoplenty:coral_reef;30,netherex:torrid_wasteland;30,minecraft:mutated_mesa_clear_rock;30,biomesoplenty:lush_desert;30,minecraft:mutated_mesa;30</biomeIds>
            <planet DIMID="42" name="Epsilon ire 41: 0">
                <isKnown>false</isKnown>
                <fogColor>1.0,1.0,1.0</fogColor>
                <skyColor>0.8,0.5936206,0.6169503</skyColor>
                <gravitationalMultiplier>79</gravitationalMultiplier>
                <orbitalDistance>180</orbitalDistance>
                <orbitalTheta>139</orbitalTheta>
                <orbitalPhi>186</orbitalPhi>
                <retrograde>false</retrograde>
                <avgTemperature>324</avgTemperature>
                <rotationalPeriod>48677</rotationalPeriod>
                <atmosphereDensity>27</atmosphereDensity>
                <generateCraters>true</generateCraters>
                <generateCaves>false</generateCaves>
                <generateVolcanos>false</generateVolcanos>
                <generateStructures>false</generateStructures>
                <generateGeodes>false</generateGeodes>
                <biomeIds>minecraft:mutated_birch_forest;30,minecraft:extreme_hills;10,minecraft:mutated_taiga_cold;30,biomesoplenty:tundra;30,biomesoplenty:sacred_springs;30</biomeIds>
            </planet>
            <planet DIMID="43" name="Epsilon ire 41: 1">
                <isKnown>false</isKnown>
                <fogColor>1.0,1.0,1.0</fogColor>
                <skyColor>0.8,0.5744252,0.44826335</skyColor>
                <gravitationalMultiplier>72</gravitationalMultiplier>
                <orbitalDistance>156</orbitalDistance>
                <orbitalTheta>156</orbitalTheta>
                <orbitalPhi>149</orbitalPhi>
                <retrograde>false</retrograde>
                <avgTemperature>348</avgTemperature>
                <rotationalPeriod>64300</rotationalPeriod>
                <atmosphereDensity>17</atmosphereDensity>
                <generateCraters>true</generateCraters>
                <generateCaves>false</generateCaves>
                <generateVolcanos>false</generateVolcanos>
                <generateStructures>false</generateStructures>
                <generateGeodes>false</generateGeodes>
                <biomeIds>advancedrocketry:moon;30,advancedrocketry:moondark;30</biomeIds>
            </planet>
            <oceanBlock>minecraft:lava</oceanBlock>
        </planet>
        <planet DIMID="44" name="Epsilon ire 44">
            <isKnown>false</isKnown>
            <fogColor>1.0,1.0,1.0</fogColor>
            <skyColor>0.8,0.5897279,0.52284026</skyColor>
            <gravitationalMultiplier>126</gravitationalMultiplier>
            <orbitalDistance>169</orbitalDistance>
            <orbitalTheta>85</orbitalTheta>
            <orbitalPhi>91</orbitalPhi>
            <retrograde>false</retrograde>
            <avgTemperature>334</avgTemperature>
            <rotationalPeriod>11856</rotationalPeriod>
            <atmosphereDensity>24</atmosphereDensity>
            <generateCraters>true</generateCraters>
            <generateCaves>false</generateCaves>
            <generateVolcanos>false</generateVolcanos>
            <generateStructures>false</generateStructures>
            <generateGeodes>false</generateGeodes>
            <biomeIds>advancedrocketry:moon;30,advancedrocketry:moondark;30</biomeIds>
            <planet DIMID="45" name="Epsilon ire 44: 0">
                <isKnown>false</isKnown>
                <fogColor>1.0,1.0,1.0</fogColor>
                <skyColor>0.8,0.6804785,0.40902478</skyColor>
                <gravitationalMultiplier>85</gravitationalMultiplier>
                <orbitalDistance>130</orbitalDistance>
                <orbitalTheta>223</orbitalTheta>
                <orbitalPhi>-72</orbitalPhi>
                <retrograde>false</retrograde>
                <avgTemperature>381</avgTemperature>
                <rotationalPeriod>39079</rotationalPeriod>
                <atmosphereDensity>34</atmosphereDensity>
                <generateCraters>true</generateCraters>
                <generateCaves>false</generateCaves>
                <generateVolcanos>false</generateVolcanos>
                <generateStructures>false</generateStructures>
                <generateGeodes>false</generateGeodes>
                <biomeIds>minecraft:mushroom_island_shore;30,biomesoplenty:oasis;30,biomesoplenty:overgrown_cliffs;30,minecraft:birch_forest;10,biomesoplenty:undergarden;30</biomeIds>
            </planet>
            <planet DIMID="46" name="Epsilon ire 44: 1">
                <isKnown>false</isKnown>
                <fogColor>1.0,1.0,1.0</fogColor>
                <skyColor>0.8,0.61109596,0.5332644</skyColor>
                <gravitationalMultiplier>65</gravitationalMultiplier>
                <orbitalDistance>176</orbitalDistance>
                <orbitalTheta>224</orbitalTheta>
                <orbitalPhi>164</orbitalPhi>
                <retrograde>false</retrograde>
                <avgTemperature>327</avgTemperature>
                <rotationalPeriod>87391</rotationalPeriod>
                <atmosphereDensity>23</atmosphereDensity>
                <generateCraters>true</generateCraters>
                <generateCaves>false</generateCaves>
                <generateVolcanos>false</generateVolcanos>
                <generateStructures>false</generateStructures>
                <generateGeodes>false</generateGeodes>
                <biomeIds>advancedrocketry:moon;30,advancedrocketry:moondark;30</biomeIds>
            </planet>
            <planet DIMID="47" name="Epsilon ire 44: 2">
                <isKnown>false</isKnown>
                <fogColor>1.0,1.0,1.0</fogColor>
                <skyColor>0.8,0.5256224,0.5312424</skyColor>
                <gravitationalMultiplier>50</gravitationalMultiplier>
                <orbitalDistance>179</orbitalDistance>
                <orbitalTheta>256</orbitalTheta>
                <orbitalPhi>-10</orbitalPhi>
                <retrograde>false</retrograde>
                <avgTemperature>325</avgTemperature>
                <rotationalPeriod>192000</rotationalPeriod>
                <atmosphereDensity>27</atmosphereDensity>
                <generateCraters>true</generateCraters>
                <generateCaves>false</generateCaves>
                <generateVolcanos>false</generateVolcanos>
                <generateStructures>false</generateStructures>
                <generateGeodes>false</generateGeodes>
                <biomeIds>minecraft:ice_flats;30</biomeIds>
            </planet>
        </planet>
    </star>
    <star blackHole="false" name="Proxima Centaurs" numGasGiants="0" numPlanets="0" size="1.0" temp="200" x="-150" y="250">
        <planet DIMID="51" name="Proxima Centaurs 51">
            <isKnown>false</isKnown>
            <fogColor>1.0,1.0,1.0</fogColor>
            <skyColor>0.8,0.83838105,0.0</skyColor>
            <gravitationalMultiplier>120</gravitationalMultiplier>
            <orbitalDistance>48</orbitalDistance>
            <orbitalTheta>297</orbitalTheta>
            <orbitalPhi>94</orbitalPhi>
            <retrograde>false</retrograde>
            <avgTemperature>947</avgTemperature>
            <rotationalPeriod>13716</rotationalPeriod>
            <atmosphereDensity>169</atmosphereDensity>
            <generateCraters>false</generateCraters>
            <generateCaves>false</generateCaves>
            <generateVolcanos>true</generateVolcanos>
            <generateStructures>false</generateStructures>
            <generateGeodes>true</generateGeodes>
            <biomeIds>biomesoplenty:outback;30,netherex:fungi_forest;30,biomesoplenty:brushland;30,biomesoplenty:corrupted_sands;30,minecraft:mutated_savanna;30</biomeIds>
            <oceanBlock>minecraft:lava</oceanBlock>
        </planet>
        <planet DIMID="52" name="Proxima Centaurs 52">
            <isKnown>false</isKnown>
            <fogColor>1.0,1.0,1.0</fogColor>
            <skyColor>0.8,0.93163216,0.16908032</skyColor>
            <gravitationalMultiplier>90</gravitationalMultiplier>
            <orbitalDistance>159</orbitalDistance>
            <orbitalTheta>326</orbitalTheta>
            <orbitalPhi>-153</orbitalPhi>
            <retrograde>false</retrograde>
            <avgTemperature>457</avgTemperature>
            <rotationalPeriod>32379</rotationalPeriod>
            <atmosphereDensity>101</atmosphereDensity>
            <generateCraters>false</generateCraters>
            <generateCaves>false</generateCaves>
            <generateVolcanos>true</generateVolcanos>
            <generateStructures>false</generateStructures>
            <generateGeodes>false</generateGeodes>
            <biomeIds>minecraft:mutated_mesa;30,advancedrocketry:oceanspires;30,biomesoplenty:brushland;30,netherex:ruthless_sands;30,minecraft:mutated_savanna_rock;30</biomeIds>
            <oceanBlock>minecraft:lava</oceanBlock>
        </planet>
        <planet DIMID="53" name="Proxima Centaurs 53">
            <isKnown>false</isKnown>
            <hasRings>true</hasRings>
            <ringColor>0.8,0.52490497,0.33150226</ringColor>
            <fogColor>1.0,1.0,1.0</fogColor>
            <skyColor>0.8,0.52490497,0.33150226</skyColor>
            <gravitationalMultiplier>130</gravitationalMultiplier>
            <orbitalDistance>180</orbitalDistance>
            <orbitalTheta>33</orbitalTheta>
            <orbitalPhi>-94</orbitalPhi>
            <retrograde>false</retrograde>
            <avgTemperature>381</avgTemperature>
            <rotationalPeriod>10923</rotationalPeriod>
            <atmosphereDensity>8</atmosphereDensity>
            <generateCraters>true</generateCraters>
            <generateCaves>false</generateCaves>
            <generateVolcanos>false</generateVolcanos>
            <generateStructures>false</generateStructures>
            <generateGeodes>false</generateGeodes>
            <biomeIds>advancedrocketry:moon;30,advancedrocketry:moondark;30</biomeIds>
            <planet DIMID="54" name="Proxima Centaurs 53: 0">
                <isKnown>false</isKnown>
                <fogColor>1.0,1.0,1.0</fogColor>
                <skyColor>0.8,0.6764394,0.010604262</skyColor>
                <gravitationalMultiplier>46</gravitationalMultiplier>
                <orbitalDistance>107</orbitalDistance>
                <orbitalTheta>294</orbitalTheta>
                <orbitalPhi>-173</orbitalPhi>
                <retrograde>false</retrograde>
                <avgTemperature>494</avgTemperature>
                <rotationalPeriod>246568</rotationalPeriod>
                <atmosphereDensity>16</atmosphereDensity>
                <generateCraters>true</generateCraters>
                <generateCaves>false</generateCaves>
                <generateVolcanos>true</generateVolcanos>
                <generateStructures>false</generateStructures>
                <generateGeodes>false</generateGeodes>
                <biomeIds>advancedrocketry:moon;30,advancedrocketry:moondark;30</biomeIds>
                <oceanBlock>minecraft:lava</oceanBlock>
            </planet>
            <planet DIMID="55" name="Proxima Centaurs 53: 1">
                <isKnown>false</isKnown>
                <fogColor>1.0,1.0,1.0</fogColor>
                <skyColor>0.8,0.6375843,0.3588333</skyColor>
                <gravitationalMultiplier>64</gravitationalMultiplier>
                <orbitalDistance>171</orbitalDistance>
                <orbitalTheta>178</orbitalTheta>
                <orbitalPhi>-369</orbitalPhi>
                <retrograde>false</retrograde>
                <avgTemperature>391</avgTemperature>
                <rotationalPeriod>91552</rotationalPeriod>
                <atmosphereDensity>25</atmosphereDensity>
                <generateCraters>true</generateCraters>
                <generateCaves>false</generateCaves>
                <generateVolcanos>false</generateVolcanos>
                <generateStructures>false</generateStructures>
                <generateGeodes>false</generateGeodes>
                <biomeIds>advancedrocketry:moon;30,advancedrocketry:moondark;30</biomeIds>
            </planet>
        </planet>
    </star>
    <star blackHole="false" name="Magnis Vulpes" numGasGiants="0" numPlanets="0" size="1.0" temp="70" x="-150" y="-250">
        <planet DIMID="56" name="Magnis Vulpes 56">
            <isKnown>false</isKnown>
            <fogColor>1.0,1.0,1.0</fogColor>
            <skyColor>0.8,0.6755618,0.7754183</skyColor>
            <gravitationalMultiplier>89</gravitationalMultiplier>
            <orbitalDistance>65</orbitalDistance>
            <orbitalTheta>25</orbitalTheta>
            <orbitalPhi>-117</orbitalPhi>
            <retrograde>false</retrograde>
            <avgTemperature>271</avgTemperature>
            <rotationalPeriod>33476</rotationalPeriod>
            <atmosphereDensity>140</atmosphereDensity>
            <generateCraters>false</generateCraters>
            <generateCaves>false</generateCaves>
            <generateVolcanos>false</generateVolcanos>
            <generateStructures>true</generateStructures>
            <generateGeodes>true</generateGeodes>
            <biomeIds>minecraft:ice_flats;30</biomeIds>
        </planet>
        <planet DIMID="57" name="Magnis Vulpes 57">
            <isKnown>false</isKnown>
            <fogColor>1.0,1.0,1.0</fogColor>
            <skyColor>0.8,0.789288,1.0</skyColor>
            <gravitationalMultiplier>96</gravitationalMultiplier>
            <orbitalDistance>103</orbitalDistance>
            <orbitalTheta>340</orbitalTheta>
            <orbitalPhi>292</orbitalPhi>
            <retrograde>false</retrograde>
            <avgTemperature>176</avgTemperature>
            <rotationalPeriod>26707</rotationalPeriod>
            <atmosphereDensity>53</atmosphereDensity>
            <generateCraters>true</generateCraters>
            <generateCaves>false</generateCaves>
            <generateVolcanos>false</generateVolcanos>
            <generateStructures>false</generateStructures>
            <generateGeodes>false</generateGeodes>
            <biomeIds>biomesoplenty:mystic_grove;30,biomesoplenty:kelp_forest;30,biomesoplenty:chaparral;30,minecraft:plains;10,biomesoplenty:marsh;30</biomeIds>
        </planet>
    </star>
    <star blackHole="false" name="Ma-Roo" numGasGiants="0" numPlanets="0" size="1.0" temp="200" x="50" y="-250">
        <planet DIMID="64" name="Ma-Roo 64">
            <isKnown>false</isKnown>
            <fogColor>1.0,1.0,1.0</fogColor>
            <skyColor>0.8,0.5163033,0.0</skyColor>
            <gravitationalMultiplier>130</gravitationalMultiplier>
            <orbitalDistance>8</orbitalDistance>
            <orbitalTheta>248</orbitalTheta>
            <orbitalPhi>-245</orbitalPhi>
            <retrograde>false</retrograde>
            <avgTemperature>2009</avgTemperature>
            <rotationalPeriod>10923</rotationalPeriod>
            <atmosphereDensity>95</atmosphereDensity>
            <generateCraters>false</generateCraters>
            <generateCaves>false</generateCaves>
            <generateVolcanos>true</generateVolcanos>
            <generateStructures>false</generateStructures>
            <generateGeodes>false</generateGeodes>
            <biomeIds>minecraft:desert;30,biomesoplenty:corrupted_sands;30,minecraft:desert_hills;30,minecraft:ocean;30,biomesoplenty:brushland;30</biomeIds>
            <planet DIMID="65" name="Ma-Roo 64: 0">
                <isKnown>false</isKnown>
                <fogColor>1.0,1.0,1.0</fogColor>
                <skyColor>0.8,0.98733723,0.34286034</skyColor>
                <gravitationalMultiplier>76</gravitationalMultiplier>
                <orbitalDistance>171</orbitalDistance>
                <orbitalTheta>287</orbitalTheta>
                <orbitalPhi>-151</orbitalPhi>
                <retrograde>false</retrograde>
                <avgTemperature>391</avgTemperature>
                <rotationalPeriod>54672</rotationalPeriod>
                <atmosphereDensity>30</atmosphereDensity>
                <generateCraters>true</generateCraters>
                <generateCaves>false</generateCaves>
                <generateVolcanos>false</generateVolcanos>
                <generateStructures>false</generateStructures>
                <generateGeodes>false</generateGeodes>
                <biomeIds>minecraft:plains;10,biomesoplenty:lush_desert;30,minecraft:mutated_redwood_taiga_hills;30,minecraft:forest;10,minecraft:mutated_mesa_rock;30</biomeIds>
            </planet>
            <oceanBlock>minecraft:lava</oceanBlock>
        </planet>
        <planet DIMID="66" name="Ma-Roo 66">
            <isKnown>false</isKnown>
            <fogColor>1.0,1.0,1.0</fogColor>
            <skyColor>0.8,0.5679295,0.0</skyColor>
            <gravitationalMultiplier>125</gravitationalMultiplier>
            <orbitalDistance>91</orbitalDistance>
            <orbitalTheta>75</orbitalTheta>
            <orbitalPhi>14</orbitalPhi>
            <retrograde>false</retrograde>
            <avgTemperature>568</avgTemperature>
            <rotationalPeriod>12141</rotationalPeriod>
            <atmosphereDensity>79</atmosphereDensity>
            <generateCraters>false</generateCraters>
            <generateCaves>false</generateCaves>
            <generateVolcanos>true</generateVolcanos>
            <generateStructures>false</generateStructures>
            <generateGeodes>false</generateGeodes>
            <biomeIds>minecraft:savanna;30,minecraft:mutated_mesa_clear_rock;30,immersiveintelligence:wasteland;30,biomesoplenty:brushland;30,netherex:fungi_forest;30</biomeIds>
            <oceanBlock>minecraft:lava</oceanBlock>
        </planet>
        <planet DIMID="58" name="Ma-Roo 58">
            <isKnown>false</isKnown>
            <fogColor>1.0,1.0,1.0</fogColor>
            <skyColor>0.8,0.7272166,0.0</skyColor>
            <gravitationalMultiplier>130</gravitationalMultiplier>
            <orbitalDistance>39</orbitalDistance>
            <orbitalTheta>183</orbitalTheta>
            <orbitalPhi>172</orbitalPhi>
            <retrograde>false</retrograde>
            <avgTemperature>1112</avgTemperature>
            <rotationalPeriod>10923</rotationalPeriod>
            <atmosphereDensity>212</atmosphereDensity>
            <generateCraters>false</generateCraters>
            <generateCaves>false</generateCaves>
            <generateVolcanos>true</generateVolcanos>
            <generateStructures>false</generateStructures>
            <generateGeodes>true</generateGeodes>
            <biomeIds>advancedrocketry:oceanspires;30,biomesoplenty:kelp_forest;30,netherex:ruthless_sands;30,minecraft:savanna;30,biomesoplenty:xeric_shrubland;30</biomeIds>
            <oceanBlock>minecraft:lava</oceanBlock>
        </planet>
        <planet DIMID="59" name="Ma-Roo 59">
            <isKnown>false</isKnown>
            <fogColor>1.0,1.0,1.0</fogColor>
            <skyColor>0.8,0.8690864,0.0</skyColor>
            <gravitationalMultiplier>130</gravitationalMultiplier>
            <orbitalDistance>94</orbitalDistance>
            <orbitalTheta>46</orbitalTheta>
            <orbitalPhi>-34</orbitalPhi>
            <retrograde>false</retrograde>
            <avgTemperature>610</avgTemperature>
            <rotationalPeriod>10923</rotationalPeriod>
            <atmosphereDensity>112</atmosphereDensity>
            <generateCraters>false</generateCraters>
            <generateCaves>false</generateCaves>
            <generateVolcanos>true</generateVolcanos>
            <generateStructures>false</generateStructures>
            <generateGeodes>false</generateGeodes>
            <biomeIds>immersiveintelligence:wasteland;30,minecraft:mutated_savanna;30,biomesoplenty:volcanic_island;30,biomesoplenty:corrupted_sands;30,biomesoplenty:bayou;30</biomeIds>
            <planet DIMID="60" name="Ma-Roo 59: 0">
                <isKnown>false</isKnown>
                <fogColor>1.0,1.0,1.0</fogColor>
                <skyColor>0.8,0.8297257,0.17737806</skyColor>
                <gravitationalMultiplier>86</gravitationalMultiplier>
                <orbitalDistance>143</orbitalDistance>
                <orbitalTheta>295</orbitalTheta>
                <orbitalPhi>-197</orbitalPhi>
                <retrograde>false</retrograde>
                <avgTemperature>427</avgTemperature>
                <rotationalPeriod>37732</rotationalPeriod>
                <atmosphereDensity>21</atmosphereDensity>
                <generateCraters>true</generateCraters>
                <generateCaves>false</generateCaves>
                <generateVolcanos>false</generateVolcanos>
                <generateStructures>false</generateStructures>
                <generateGeodes>false</generateGeodes>
                <biomeIds>advancedrocketry:moon;30,advancedrocketry:moondark;30</biomeIds>
            </planet>
            <planet DIMID="61" name="Ma-Roo 59: 1">
                <isKnown>false</isKnown>
                <fogColor>1.0,1.0,1.0</fogColor>
                <skyColor>0.8,0.7540058,0.21420002</skyColor>
                <gravitationalMultiplier>52</gravitationalMultiplier>
                <orbitalDistance>132</orbitalDistance>
                <orbitalTheta>246</orbitalTheta>
                <orbitalPhi>-217</orbitalPhi>
                <retrograde>false</retrograde>
                <avgTemperature>445</avgTemperature>
                <rotationalPeriod>161206</rotationalPeriod>
                <atmosphereDensity>32</atmosphereDensity>
                <generateCraters>true</generateCraters>
                <generateCaves>false</generateCaves>
                <generateVolcanos>false</generateVolcanos>
                <generateStructures>false</generateStructures>
                <generateGeodes>false</generateGeodes>
                <biomeIds>minecraft:desert_hills;30</biomeIds>
            </planet>
            <oceanBlock>minecraft:lava</oceanBlock>
        </planet>
        <planet DIMID="62" name="Ma-Roo 62">
            <isKnown>false</isKnown>
            <fogColor>1.0,1.0,1.0</fogColor>
            <skyColor>0.8,0.5985814,0.18166727</skyColor>
            <gravitationalMultiplier>130</gravitationalMultiplier>
            <orbitalDistance>143</orbitalDistance>
            <orbitalTheta>14</orbitalTheta>
            <orbitalPhi>-28</orbitalPhi>
            <retrograde>false</retrograde>
            <avgTemperature>427</avgTemperature>
            <rotationalPeriod>10923</rotationalPeriod>
            <atmosphereDensity>62</atmosphereDensity>
            <generateCraters>true</generateCraters>
            <generateCaves>false</generateCaves>
            <generateVolcanos>false</generateVolcanos>
            <generateStructures>false</generateStructures>
            <generateGeodes>false</generateGeodes>
            <biomeIds>minecraft:mutated_redwood_taiga_hills;30,dimdoors:white_void;30,biomesoplenty:tropical_rainforest;30,biomesoplenty:pasture;30,advancedrocketry:marsh;30</biomeIds>
        </planet>
        <planet DIMID="63" name="Ma-Roo 63">
            <isKnown>false</isKnown>
            <fogColor>1.0,1.0,1.0</fogColor>
            <skyColor>0.8,0.7610285,0.0</skyColor>
            <gravitationalMultiplier>97</gravitationalMultiplier>
            <orbitalDistance>157</orbitalDistance>
            <orbitalTheta>68</orbitalTheta>
            <orbitalPhi>-314</orbitalPhi>
            <retrograde>false</retrograde>
            <avgTemperature>540</avgTemperature>
            <rotationalPeriod>25893</rotationalPeriod>
            <atmosphereDensity>192</atmosphereDensity>
            <generateCraters>false</generateCraters>
            <generateCaves>false</generateCaves>
            <generateVolcanos>true</generateVolcanos>
            <generateStructures>false</generateStructures>
            <generateGeodes>true</generateGeodes>
            <biomeIds>minecraft:desert;30,biomesoplenty:fungi_forest;30,minecraft:mutated_jungle_edge;30,biomesoplenty:bayou;30,biomesoplenty:tropical_rainforest;30</biomeIds>
            <oceanBlock>minecraft:lava</oceanBlock>
        </planet>
    </star>
    <star blackHole="false" name="Alykitt" numGasGiants="0" numPlanets="0" size="1.0" temp="120" x="75" y="200">
        <planet DIMID="67" name="Alykitt 67">
            <isKnown>false</isKnown>
            <GasGiant>true</GasGiant>
            <gas>ammonia</gas>
            <gas>nitrogen</gas>
            <gas>oxygen</gas>
            <fogColor>1.0,1.0,1.0</fogColor>
            <skyColor>1.0,1.0,1.0</skyColor>
            <gravitationalMultiplier>115</gravitationalMultiplier>
            <orbitalDistance>201</orbitalDistance>
            <orbitalTheta>0</orbitalTheta>
            <orbitalPhi>0</orbitalPhi>
            <retrograde>false</retrograde>
            <avgTemperature>257</avgTemperature>
            <rotationalPeriod>24000</rotationalPeriod>
            <atmosphereDensity>124</atmosphereDensity>
            <generateCraters>false</generateCraters>
            <generateCaves>false</generateCaves>
            <generateVolcanos>false</generateVolcanos>
            <generateStructures>false</generateStructures>
            <generateGeodes>false</generateGeodes>
        </planet>
        <planet DIMID="68" name="Alykitt 68">
            <isKnown>false</isKnown>
            <fogColor>1.0,1.0,1.0</fogColor>
            <skyColor>0.8,0.950132,0.20841163</skyColor>
            <gravitationalMultiplier>107</gravitationalMultiplier>
            <orbitalDistance>91</orbitalDistance>
            <orbitalTheta>227</orbitalTheta>
            <orbitalPhi>-227</orbitalPhi>
            <retrograde>false</retrograde>
            <avgTemperature>435</avgTemperature>
            <rotationalPeriod>19319</rotationalPeriod>
            <atmosphereDensity>209</atmosphereDensity>
            <generateCraters>false</generateCraters>
            <generateCaves>false</generateCaves>
            <generateVolcanos>false</generateVolcanos>
            <generateStructures>false</generateStructures>
            <generateGeodes>true</generateGeodes>
            <biomeIds>biomesoplenty:outback;30,biomesoplenty:ominous_woods;30,minecraft:mutated_savanna;30,dimdoors:white_void;30,biomesoplenty:corrupted_sands;30,advancedrocketry:deepswamp;30,advancedrocketry:stormland;30</biomeIds>
            <planet DIMID="69" name="Alykitt 68: 0">
                <isKnown>false</isKnown>
                <fogColor>1.0,1.0,1.0</fogColor>
                <skyColor>0.8,0.5795829,0.8055812</skyColor>
                <gravitationalMultiplier>35</gravitationalMultiplier>
                <orbitalDistance>143</orbitalDistance>
                <orbitalTheta>162</orbitalTheta>
                <orbitalPhi>130</orbitalPhi>
                <retrograde>false</retrograde>
                <avgTemperature>256</avgTemperature>
                <rotationalPeriod>559766</rotationalPeriod>
                <atmosphereDensity>15</atmosphereDensity>
                <generateCraters>true</generateCraters>
                <generateCaves>false</generateCaves>
                <generateVolcanos>false</generateVolcanos>
                <generateStructures>false</generateStructures>
                <generateGeodes>false</generateGeodes>
                <biomeIds>advancedrocketry:moon;30,advancedrocketry:moondark;30</biomeIds>
            </planet>
            <planet DIMID="70" name="Alykitt 68: 1">
                <isKnown>false</isKnown>
                <fogColor>1.0,1.0,1.0</fogColor>
                <skyColor>0.8,0.7016565,0.9446877</skyColor>
                <gravitationalMultiplier>51</gravitationalMultiplier>
                <orbitalDistance>187</orbitalDistance>
                <orbitalTheta>332</orbitalTheta>
                <orbitalPhi>-149</orbitalPhi>
                <retrograde>false</retrograde>
                <avgTemperature>224</avgTemperature>
                <rotationalPeriod>180925</rotationalPeriod>
                <atmosphereDensity>30</atmosphereDensity>
                <generateCraters>true</generateCraters>
                <generateCaves>false</generateCaves>
                <generateVolcanos>false</generateVolcanos>
                <generateStructures>false</generateStructures>
                <generateGeodes>false</generateGeodes>
                <biomeIds>biomesoplenty:redwood_forest;30,biomesoplenty:flower_field;30,minecraft:roofed_forest;10,biomesoplenty:steppe;30,biomesoplenty:tropical_island;30</biomeIds>
            </planet>
            <planet DIMID="71" name="Alykitt 68: 2">
                <isKnown>false</isKnown>
                <fogColor>1.0,1.0,1.0</fogColor>
                <skyColor>0.8,0.92812115,0.82421243</skyColor>
                <gravitationalMultiplier>68</gravitationalMultiplier>
                <orbitalDistance>158</orbitalDistance>
                <orbitalTheta>156</orbitalTheta>
                <orbitalPhi>-195</orbitalPhi>
                <retrograde>false</retrograde>
                <avgTemperature>244</avgTemperature>
                <rotationalPeriod>76328</rotationalPeriod>
                <atmosphereDensity>33</atmosphereDensity>
                <generateCraters>true</generateCraters>
                <generateCaves>false</generateCaves>
                <generateVolcanos>false</generateVolcanos>
                <generateStructures>false</generateStructures>
                <generateGeodes>false</generateGeodes>
                <biomeIds>minecraft:ice_flats;30</biomeIds>
            </planet>
        </planet>
        <planet DIMID="72" name="Alykitt 72">
            <isKnown>false</isKnown>
            <fogColor>1.0,1.0,1.0</fogColor>
            <skyColor>0.8,0.82571834,0.44407105</skyColor>
            <gravitationalMultiplier>130</gravitationalMultiplier>
            <orbitalDistance>93</orbitalDistance>
            <orbitalTheta>235</orbitalTheta>
            <orbitalPhi>-419</orbitalPhi>
            <retrograde>false</retrograde>
            <avgTemperature>372</avgTemperature>
            <rotationalPeriod>10923</rotationalPeriod>
            <atmosphereDensity>117</atmosphereDensity>
            <generateCraters>false</generateCraters>
            <generateCaves>false</generateCaves>
            <generateVolcanos>false</generateVolcanos>
            <generateStructures>true</generateStructures>
            <generateGeodes>false</generateGeodes>
            <biomeIds>minecraft:extreme_hills;10</biomeIds>
            <planet DIMID="73" name="Alykitt 72: 0">
                <isKnown>false</isKnown>
                <hasRings>true</hasRings>
                <ringColor>0.8,0.66624725,0.7360573</ringColor>
                <fogColor>1.0,1.0,1.0</fogColor>
                <skyColor>0.8,0.66624725,0.7360573</skyColor>
                <gravitationalMultiplier>42</gravitationalMultiplier>
                <orbitalDistance>115</orbitalDistance>
                <orbitalTheta>238</orbitalTheta>
                <orbitalPhi>-333</orbitalPhi>
                <retrograde>false</retrograde>
                <avgTemperature>286</avgTemperature>
                <rotationalPeriod>323939</rotationalPeriod>
                <atmosphereDensity>33</atmosphereDensity>
                <generateCraters>true</generateCraters>
                <generateCaves>false</generateCaves>
                <generateVolcanos>false</generateVolcanos>
                <generateStructures>false</generateStructures>
                <generateGeodes>false</generateGeodes>
                <seaLevel>64</seaLevel>
                <biomeIds>biomesoplenty:sacred_springs;30,minecraft:mutated_plains;30,biomesoplenty:marsh;30,minecraft:mutated_birch_forest;30,advancedrocketry:crystalchasms;30</biomeIds>
            </planet>
        </planet>
        <planet DIMID="74" name="Alykitt 74">
            <isKnown>false</isKnown>
            <fogColor>1.0,1.0,1.0</fogColor>
            <skyColor>0.8,0.93962455,0.86525714</skyColor>
            <gravitationalMultiplier>130</gravitationalMultiplier>
            <orbitalDistance>176</orbitalDistance>
            <orbitalTheta>238</orbitalTheta>
            <orbitalPhi>-22</orbitalPhi>
            <retrograde>false</retrograde>
            <avgTemperature>231</avgTemperature>
            <rotationalPeriod>10923</rotationalPeriod>
            <atmosphereDensity>0</atmosphereDensity>
            <generateCraters>true</generateCraters>
            <generateCaves>false</generateCaves>
            <generateVolcanos>false</generateVolcanos>
            <generateStructures>false</generateStructures>
            <generateGeodes>false</generateGeodes>
            <biomeIds>advancedrocketry:moon;30,advancedrocketry:moondark;30</biomeIds>
        </planet>
    </star>
</galaxy>
